case:concept:name,concept:name,time:timestamp,branch_id,org:resource
Case_1,A_Create Application,2016-02-01T10:00:00.100000,0,User_91
Case_1,A_Submitted,2016-02-01T10:00:00.397773,0,User_1
Case_1,W_Handle leads,2016-02-01T10:00:31.010033,0,User_16
Case_1,W_Complete application & A_Concept,2016-02-01T15:50:24.908190,0,
Case_1,A_Accepted,2016-02-01T15:51:26.100472,0,User_54
Case_1,O_Create Offer & O_Created,2016-02-01T15:51:34.984732,0,
Case_1,O_Sent (mail and online),2016-02-01T15:51:40.462322,0,User_37
Case_1,W_Call after offers & A_Complete,2016-02-01T15:55:28.851826,0,
Case_1,A_Cancelled & O_Cancelled,2016-02-01T15:55:29.051826,0,
Case_1,END,2016-02-01T15:56:29.051826,0,
Case_10,A_Create Application,2016-02-01T13:40:03.429691,0,User_88
Case_10,A_Submitted,2016-02-01T13:40:03.901822,0,User_1
Case_10,W_Handle leads,2016-02-01T13:40:04.211139,0,User_7
Case_10,W_Complete application & A_Concept,2016-02-03T11:02:16.609822,0,
Case_10,A_Accepted,2016-02-03T11:09:14.211321,0,User_67
Case_10,O_Create Offer & O_Created,2016-02-03T11:09:28.190467,0,
Case_10,O_Sent (mail and online),2016-02-03T11:09:29.478185,0,User_4
Case_10,W_Call after offers & A_Complete,2016-02-03T11:19:08.609756,0,
Case_10,O_Create Offer & O_Created,2016-02-03T11:19:23.450399,0,
Case_10,O_Sent (mail and online),2016-02-03T11:19:23.550399,0,User_66
Case_10,W_Call after offers & A_Complete,2016-02-03T11:20:30.589123,0,
Case_10,W_Validate application & A_Validating,2016-02-03T11:20:59.271623,1,
Case_10,O_Create Offer & O_Created,2016-02-03T11:21:30.232609,2,
Case_10,O_Sent (mail and online),2016-02-03T11:21:30.332609,2,User_12
Case_10,W_Call after offers & A_Complete,2016-02-03T11:22:12.279288,2,
Case_10,W_Validate application & A_Validating,2016-02-03T11:22:16.675798,4,
Case_10,O_Returned,2016-02-03T11:25:15.713263,4,User_30
Case_10,A_Incomplete,2016-02-03T11:25:47.103481,4,User_124
Case_10,O_Returned,2016-02-03T11:26:13.739943,1,User_107
Case_10,A_Incomplete,2016-02-03T11:26:32.657264,1,User_100
Case_10,END,2016-02-03T11:26:47.103481,4,
Case_100,A_Create Application,2016-02-02T17:16:26.177786,0,User_45
Case_100,A_Submitted,2016-02-02T17:16:26.299647,0,User_1
Case_100,W_Handle leads,2016-02-02T17:16:26.399647,0,User_13
Case_100,W_Complete application & A_Concept,2016-02-02T17:20:06.231597,0,
Case_100,A_Accepted,2016-02-02T17:26:02.246477,0,User_96
Case_100,O_Create Offer & O_Created,2016-02-02T17:27:59.599443,0,
Case_100,O_Sent (mail and online),2016-02-02T17:27:59.699443,0,User_135
Case_100,W_Call after offers & A_Complete,2016-02-02T17:37:58.265495,0,
Case_100,A_Cancelled & O_Cancelled,2016-02-02T17:37:58.465495,0,
Case_100,END,2016-02-02T17:38:58.465495,0,
Case_11,A_Create Application,2016-02-01T14:13:28.624931,0,User_41
Case_11,A_Submitted,2016-02-01T14:13:29.073776,0,User_1
Case_11,W_Handle leads,2016-02-01T23:25:01.494857,0,User_146
Case_11,W_Complete application & A_Concept,2016-02-04T18:45:57.841682,0,
Case_11,A_Accepted,2016-02-04T18:53:30.595235,0,User_50
Case_11,O_Create Offer & O_Created,2016-02-04T18:54:14.069541,0,
Case_11,O_Sent (mail and online),2016-02-04T18:54:18.661511,0,User_9
Case_11,W_Call after offers & A_Complete,2016-02-25T16:50:55.751011,0,
Case_11,W_Validate application & A_Validating,2016-02-25T16:51:00.870245,1,
Case_11,O_Create Offer & O_Created,2016-02-25T16:51:09.694333,2,
Case_11,O_Sent (mail and online),2016-02-25T16:51:27.058587,2,User_75
Case_11,O_Returned,2016-02-25T16:54:14.424154,1,User_122
Case_11,END,2016-02-25T16:55:14.424154,1,
Case_12,A_Create Application,2016-02-01T15:01:48.545735,0,User_72
Case_12,A_Submitted,2016-02-01T15:01:48.918699,0,User_1
Case_12,W_Handle leads,2016-02-01T15:01:49.018699,0,User_62
Case_12,W_Complete application & A_Concept,2016-02-01T15:02:47.977694,0,
Case_12,A_Accepted,2016-02-01T15:18:26.514705,0,User_103
Case_12,O_Create Offer & O_Created,2016-02-01T15:24:34.749061,0,
Case_12,O_Sent (mail and online),2016-02-01T15:24:34.849061,0,User_61
Case_12,W_Call after offers & A_Complete,2016-02-01T15:26:15.459748,0,
Case_12,O_Create Offer & O_Created,2016-02-01T15:26:41.360489,0,
Case_12,O_Sent (mail and online),2016-02-01T15:26:41.968965,0,User_76
Case_12,W_Call after offers & A_Complete,2016-02-01T15:42:48.216552,0,
Case_12,O_Create Offer & O_Created,2016-02-01T15:48:03.362034,1,
Case_12,O_Sent (mail and online),2016-02-01T15:48:03.467840,1,User_22
Case_12,W_Validate application & A_Validating,2016-02-01T15:48:38.649007,2,
Case_12,W_Call after offers & A_Complete,2016-02-01T15:57:49.312600,1,
Case_12,A_Cancelled & O_Cancelled,2016-02-01T15:57:49.512600,1,
Case_12,END,2016-02-01T15:58:49.512600,1,
Case_13,A_Create Application,2016-02-01T15:07:02.080671,0,User_52
Case_13,A_Submitted,2016-02-01T15:07:02.258829,0,User_1
Case_13,W_Handle leads,2016-02-01T15:07:05.980250,0,User_144
Case_13,W_Complete application & A_Concept,2016-02-01T15:07:07.641401,0,
Case_13,A_Accepted,2016-02-01T15:12:34.059390,0,User_91
Case_13,O_Create Offer & O_Created,2016-02-01T15:12:53.041594,0,
Case_13,O_Sent (mail and online),2016-02-01T15:12:53.458943,0,User_82
Case_13,W_Call after offers & A_Complete,2016-02-01T16:32:18.561249,0,
Case_13,A_Cancelled & O_Cancelled,2016-02-01T16:32:18.761249,0,
Case_13,END,2016-02-01T16:33:18.761249,0,
Case_14,A_Create Application,2016-02-01T15:11:20.651263,0,User_47
Case_14,A_Submitted,2016-02-01T15:11:20.965733,0,User_1
Case_14,W_Handle leads,2016-02-01T15:13:56.862721,0,User_92
Case_14,W_Complete application & A_Concept,2016-02-01T16:44:15.349409,0,
Case_14,A_Accepted,2016-02-01T16:45:19.643885,0,User_51
Case_14,O_Create Offer & O_Created,2016-02-01T16:45:46.073953,0,
Case_14,O_Sent (mail and online),2016-02-01T16:45:46.320622,0,User_95
Case_14,W_Call after offers & A_Complete,2016-02-01T17:09:06.042887,0,
Case_14,O_Create Offer & O_Created,2016-02-01T17:15:13.095941,0,
Case_14,O_Sent (mail and online),2016-02-01T17:15:13.474694,0,User_52
Case_14,W_Call after offers & A_Complete,2016-02-01T17:40:02.869803,0,
Case_14,O_Create Offer & O_Created,2016-02-01T17:40:06.278565,2,
Case_14,O_Sent (mail and online),2016-02-01T17:40:06.431064,2,User_83
Case_14,W_Validate application & A_Validating,2016-02-01T17:40:34.959609,1,
Case_14,W_Call after offers & A_Complete,2016-02-01T17:45:38.139750,2,
Case_14,O_Create Offer & O_Created,2016-02-01T17:46:15.187086,4,
Case_14,O_Sent (mail and online),2016-02-01T17:46:15.335546,4,User_142
Case_14,O_Returned,2016-02-01T17:47:04.981927,1,User_99
Case_14,END,2016-02-01T17:48:04.981927,1,
Case_15,A_Create Application,2016-02-01T15:35:13.426068,0,User_7
Case_15,A_Submitted,2016-02-01T15:35:13.843049,0,User_1
Case_15,W_Handle leads,2016-02-01T15:35:14.013506,0,User_79
Case_15,W_Complete application & A_Concept,2016-02-01T19:29:45.479562,0,
Case_15,A_Accepted,2016-02-01T19:32:57.001638,0,User_34
Case_15,O_Create Offer & O_Created,2016-02-01T19:36:53.389214,0,
Case_15,O_Sent (mail and online),2016-02-01T20:31:48.305077,0,User_104
Case_15,W_Call after offers & A_Complete,2016-04-01T20:32:31.927970,0,
Case_15,A_Cancelled & O_Cancelled,2016-04-01T20:32:32.127970,0,
Case_15,END,2016-04-01T20:33:32.127970,0,
Case_16,A_Create Application,2016-02-01T15:50:47.991908,0,User_19
Case_16,A_Submitted,2016-02-01T15:50:48.281212,0,User_1
Case_16,W_Handle leads,2016-02-01T16:00:23.535614,0,User_61
Case_16,W_Complete application & A_Concept,2016-02-01T16:42:02.742682,0,
Case_16,A_Accepted,2016-02-01T16:42:52.695965,0,User_38
Case_16,O_Create Offer & O_Created,2016-02-01T16:43:45.880190,0,
Case_16,O_Sent (mail and online),2016-02-01T16:43:45.980190,0,User_31
Case_16,W_Call after offers & A_Complete,2016-02-01T16:53:52.224982,0,
Case_16,A_Cancelled & O_Cancelled,2016-02-01T16:53:52.424982,0,
Case_16,END,2016-02-01T16:54:52.424982,0,
Case_17,A_Create Application,2016-02-01T15:56:12.609718,0,User_10
Case_17,A_Submitted,2016-02-01T15:56:13.182737,0,User_1
Case_17,W_Handle leads,2016-02-01T15:56:20.907435,0,User_118
Case_17,W_Complete application & A_Concept,2016-02-01T16:16:28.662054,0,
Case_17,A_Accepted,2016-02-01T16:18:07.878527,0,User_103
Case_17,O_Create Offer & O_Created,2016-02-01T16:18:09.989738,0,
Case_17,O_Sent (mail and online),2016-02-01T16:18:16.681557,0,User_85
Case_17,W_Call after offers & A_Complete,2016-04-01T16:35:41.156844,0,
Case_17,W_Validate application & A_Validating,2016-04-01T16:35:46.734280,1,
Case_17,O_Create Offer & O_Created,2016-04-01T16:36:53.934940,2,
Case_17,O_Sent (mail and online),2016-04-01T16:36:54.034940,2,User_10
Case_17,W_Call after offers & A_Complete,2016-04-01T16:37:52.578000,2,
Case_17,W_Validate application & A_Validating,2016-04-01T16:38:06.779172,2,
Case_17,O_Returned,2016-04-01T16:42:52.973610,1,User_114
Case_17,O_Returned,2016-04-01T16:43:13.017351,2,User_118
Case_17,END,2016-04-01T16:43:52.973610,1,
Case_18,A_Create Application,2016-02-01T16:27:41.569183,0,User_7
Case_18,A_Submitted,2016-02-01T16:27:41.922100,0,User_1
Case_18,W_Handle leads,2016-02-01T16:27:42.022100,0,User_36
Case_18,W_Complete application & A_Concept,2016-02-01T16:36:21.417134,0,
Case_18,A_Accepted,2016-02-01T16:39:12.901854,0,User_32
Case_18,O_Create Offer & O_Created,2016-02-01T16:44:09.709382,0,
Case_18,O_Sent (mail and online),2016-02-01T16:44:11.102453,0,User_121
Case_18,W_Call after offers & A_Complete,2016-02-01T17:11:52.321727,0,
Case_18,A_Cancelled & O_Cancelled,2016-02-01T17:11:52.521727,0,
Case_18,END,2016-02-01T17:12:52.521727,0,
Case_19,A_Create Application,2016-02-01T16:29:48.096423,0,User_62
Case_19,A_Submitted,2016-02-01T16:29:48.328399,0,User_1
Case_19,W_Handle leads,2016-02-01T16:29:54.429643,0,User_14
Case_19,W_Complete application & A_Concept,2016-02-02T13:06:14.573780,0,
Case_19,A_Accepted,2016-02-02T13:09:22.331280,0,User_50
Case_19,O_Create Offer & O_Created,2016-02-02T13:10:39.774661,0,
Case_19,O_Sent (mail and online),2016-02-02T13:10:39.874661,0,User_36
Case_19,W_Call after offers & A_Complete,2016-02-19T12:36:32.311809,0,
Case_19,O_Create Offer & O_Created,2016-02-19T12:37:17.702844,1,
Case_19,O_Sent (mail and online),2016-02-19T12:37:21.788042,1,User_62
Case_19,W_Validate application & A_Validating,2016-02-19T12:37:54.605487,2,
Case_19,W_Call after offers & A_Complete,2016-02-19T12:38:16.345779,1,
Case_19,O_Returned,2016-02-19T12:39:11.280391,2,User_102
Case_19,A_Incomplete,2016-02-19T12:39:16.829153,2,User_109
Case_19,END,2016-02-19T12:40:16.829153,2,
Case_2,A_Create Application,2016-02-01T10:24:15.124317,0,User_56
Case_2,A_Submitted,2016-02-01T10:24:15.395924,0,User_1
Case_2,W_Handle leads,2016-02-01T10:24:31.733232,0,User_85
Case_2,W_Complete application & A_Concept,2016-02-02T14:50:11.823667,0,
Case_2,A_Accepted,2016-02-02T15:02:31.558007,0,User_102
Case_2,O_Create Offer & O_Created,2016-02-02T15:02:36.416470,0,
Case_2,O_Sent (mail and online),2016-02-02T15:02:36.516470,0,User_99
Case_2,W_Call after offers & A_Complete,2016-02-02T15:03:26.106505,0,
Case_2,W_Validate application & A_Validating,2016-02-02T15:03:35.029405,0,
Case_2,O_Returned,2016-02-02T15:16:19.790530,0,User_115
Case_2,END,2016-02-02T15:17:19.790530,0,
Case_20,A_Create Application,2016-02-01T16:45:40.200422,0,User_29
Case_20,A_Submitted,2016-02-01T16:45:41.001845,0,User_1
Case_20,W_Handle leads,2016-02-01T16:45:41.101845,0,User_58
Case_20,W_Complete application & A_Concept,2016-02-01T18:48:44.001572,0,
Case_20,A_Accepted,2016-02-01T18:59:45.912760,0,User_59
Case_20,O_Create Offer & O_Created,2016-02-01T18:59:56.950499,0,
Case_20,O_Sent (mail and online),2016-02-01T18:59:57.050499,0,User_18
Case_20,W_Call after offers & A_Complete,2016-02-01T20:05:45.866474,0,
Case_20,A_Cancelled & O_Cancelled,2016-02-01T20:05:46.066474,0,
Case_20,END,2016-02-01T20:06:46.066474,0,
Case_21,A_Create Application,2016-02-01T16:56:16.707749,0,User_26
Case_21,A_Submitted,2016-02-01T16:56:16.807749,0,User_1
Case_21,W_Handle leads,2016-02-01T16:56:17.483212,0,User_39
Case_21,W_Complete application & A_Concept,2016-02-01T17:17:22.358372,0,
Case_21,A_Accepted,2016-02-01T17:19:04.030403,0,User_61
Case_21,O_Create Offer & O_Created,2016-02-01T17:19:22.218702,0,
Case_21,O_Sent (mail and online),2016-02-01T17:19:28.010245,0,User_16
Case_21,W_Call after offers & A_Complete,2016-02-26T17:23:49.233294,0,
Case_21,O_Create Offer & O_Created,2016-02-26T17:23:57.379143,2,
Case_21,O_Sent (mail and online),2016-02-26T17:23:57.479143,2,User_56
Case_21,W_Validate application & A_Validating,2016-02-26T17:23:57.707614,1,
Case_21,O_Returned,2016-02-26T17:24:46.237636,1,User_137
Case_21,END,2016-02-26T17:25:46.237636,1,
Case_22,A_Create Application,2016-02-01T16:56:33.559101,0,User_42
Case_22,A_Submitted,2016-02-01T16:56:34.092897,0,User_1
Case_22,W_Handle leads,2016-02-01T17:01:23.823024,0,User_19
Case_22,W_Complete application & A_Concept,2016-02-01T17:06:01.399466,0,
Case_22,A_Accepted,2016-02-01T17:06:39.860485,0,User_51
Case_22,O_Create Offer & O_Created,2016-02-01T17:06:52.841087,0,
Case_22,O_Sent (mail and online),2016-02-01T17:06:53.391432,0,User_103
Case_22,W_Call after offers & A_Complete,2016-02-05T09:11:55.990964,0,
Case_22,A_Cancelled & O_Cancelled,2016-02-05T09:11:56.214316,0,
Case_22,END,2016-02-05T09:12:56.214316,0,
Case_23,A_Create Application,2016-02-01T17:37:30.021302,0,User_92
Case_23,A_Submitted,2016-02-01T17:37:30.320145,0,User_1
Case_23,W_Handle leads,2016-02-01T17:53:16.060193,0,User_51
Case_23,W_Complete application & A_Concept,2016-02-02T10:08:01.651555,0,
Case_23,A_Accepted,2016-02-02T10:11:06.443789,0,User_53
Case_23,O_Create Offer & O_Created,2016-02-02T10:11:33.434869,0,
Case_23,O_Sent (mail and online),2016-02-02T10:11:33.534869,0,User_25
Case_23,W_Call after offers & A_Complete,2016-02-02T10:11:54.400826,0,
Case_23,O_Create Offer & O_Created,2016-02-02T10:13:12.830793,0,
Case_23,O_Sent (mail and online),2016-02-02T10:13:13.397749,0,User_91
Case_23,W_Call after offers & A_Complete,2016-02-02T10:33:11.243602,0,
Case_23,A_Cancelled & O_Cancelled,2016-02-02T10:33:11.443602,0,
Case_23,END,2016-02-02T10:34:11.443602,0,
Case_24,A_Create Application,2016-02-01T17:37:42.317303,0,User_77
Case_24,A_Submitted,2016-02-01T17:37:42.500292,0,User_1
Case_24,W_Handle leads,2016-02-01T17:38:49.082755,0,User_70
Case_24,W_Complete application & A_Concept,2016-02-02T10:04:39.583896,0,
Case_24,A_Accepted,2016-02-02T10:06:12.814518,0,User_81
Case_24,O_Create Offer & O_Created,2016-02-02T10:06:16.150686,0,
Case_24,O_Sent (mail and online),2016-02-02T10:06:16.286799,0,User_36
Case_24,W_Call after offers & A_Complete,2016-02-02T10:09:30.211851,0,
Case_24,W_Validate application & A_Validating,2016-02-02T10:09:36.414026,0,
Case_24,O_Returned,2016-02-02T10:10:28.585483,0,User_131
Case_24,END,2016-02-02T10:11:28.585483,0,
Case_25,A_Create Application,2016-02-01T18:00:15.421891,0,User_83
Case_25,A_Submitted,2016-02-01T18:00:16.110470,0,User_1
Case_25,W_Handle leads,2016-02-01T18:00:21.616254,0,User_11
Case_25,W_Complete application & A_Concept,2016-02-01T18:01:00.559405,0,
Case_25,A_Accepted,2016-02-01T18:05:01.219566,0,User_135
Case_25,O_Create Offer & O_Created,2016-02-01T18:06:50.126775,0,
Case_25,O_Sent (mail and online),2016-02-01T18:06:50.239934,0,User_4
Case_25,W_Call after offers & A_Complete,2016-02-01T18:11:09.533659,0,
Case_25,O_Create Offer & O_Created,2016-02-01T18:11:43.623208,1,
Case_25,O_Sent (mail and online),2016-02-01T18:11:43.723208,1,User_54
Case_25,W_Call after offers & A_Complete,2016-02-01T18:19:45.767572,1,
Case_25,O_Create Offer & O_Created,2016-02-01T18:20:11.435736,3,
Case_25,O_Sent (mail and online),2016-02-01T18:24:50.655600,3,User_72
Case_25,W_Validate application & A_Validating,2016-02-01T18:24:53.313389,4,
Case_25,W_Call after offers & A_Complete,2016-02-01T18:25:13.009209,3,
Case_25,W_Validate application & A_Validating,2016-02-01T18:25:24.285336,2,
Case_25,W_Validate application & A_Validating,2016-02-01T18:25:33.225014,6,
Case_25,O_Create Offer & O_Created,2016-02-01T18:25:40.157467,5,
Case_25,O_Sent (mail and online),2016-02-01T18:25:40.257467,5,User_5
Case_25,O_Returned,2016-02-01T18:26:22.824001,4,User_99
Case_25,O_Returned,2016-02-01T18:27:00.058759,2,User_127
Case_25,A_Incomplete,2016-02-01T18:27:16.251947,2,User_133
Case_25,END,2016-02-01T18:27:22.824001,4,
Case_26,A_Create Application,2016-02-01T18:01:37.075697,0,User_16
Case_26,A_Submitted,2016-02-01T18:01:37.320209,0,User_1
Case_26,W_Handle leads,2016-02-01T21:31:01.685653,0,User_66
Case_26,W_Complete application & A_Concept,2016-02-01T21:38:01.565120,0,
Case_26,A_Accepted,2016-02-01T21:40:41.822102,0,User_2
Case_26,O_Create Offer & O_Created,2016-02-01T21:41:50.541722,0,
Case_26,O_Sent (mail and online),2016-02-01T21:41:50.772869,0,User_38
Case_26,W_Call after offers & A_Complete,2016-04-01T21:42:24.927148,0,
Case_26,A_Cancelled & O_Cancelled,2016-04-01T21:42:25.328050,0,
Case_26,END,2016-04-01T21:43:25.328050,0,
Case_27,A_Create Application,2016-02-01T18:09:36.810186,0,User_111
Case_27,A_Submitted,2016-02-01T18:09:37.059546,0,User_1
Case_27,W_Handle leads,2016-02-01T23:17:21.247814,0,User_52
Case_27,W_Complete application & A_Concept,2016-02-03T21:53:59.382553,0,
Case_27,A_Accepted,2016-02-03T21:57:28.424372,0,User_106
Case_27,O_Create Offer & O_Created,2016-02-03T21:57:33.150170,0,
Case_27,O_Sent (mail and online),2016-02-03T21:57:33.250170,0,User_51
Case_27,W_Call after offers & A_Complete,2016-02-03T21:58:18.025168,0,
Case_27,O_Create Offer & O_Created,2016-02-03T21:58:53.514300,0,
Case_27,O_Sent (mail and online),2016-02-03T21:58:54.075804,0,User_51
Case_27,W_Call after offers & A_Complete,2016-04-03T22:10:27.865554,0,
Case_27,O_Create Offer & O_Created,2016-04-03T22:10:44.766154,2,
Case_27,O_Sent (mail and online),2016-04-03T22:10:45.297197,2,User_56
Case_27,W_Call after offers & A_Complete,2016-04-03T22:15:29.144310,2,
Case_27,W_Validate application & A_Validating,2016-04-03T22:17:35.317437,2,
Case_27,W_Validate application & A_Validating,2016-04-03T22:18:41.237997,1,
Case_27,O_Returned,2016-04-03T22:19:14.380615,2,User_115
Case_27,END,2016-04-03T22:20:14.380615,2,
Case_28,A_Create Application,2016-02-01T18:46:27.493041,0,User_52
Case_28,A_Submitted,2016-02-01T18:46:27.901130,0,User_1
Case_28,W_Handle leads,2016-02-01T18:46:28.060067,0,User_8
Case_28,W_Complete application & A_Concept,2016-02-01T18:59:03.966375,0,
Case_28,A_Accepted,2016-02-01T19:19:01.013312,0,User_61
Case_28,O_Create Offer & O_Created,2016-02-01T19:19:10.693423,0,
Case_28,O_Sent (mail and online),2016-02-01T19:19:12.142412,0,User_99
Case_28,W_Call after offers & A_Complete,2016-02-01T19:19:52.141028,0,
Case_28,A_Cancelled & O_Cancelled,2016-02-01T19:19:52.341028,0,
Case_28,END,2016-02-01T19:20:52.341028,0,
Case_29,A_Create Application,2016-02-01T18:50:21.111161,0,User_69
Case_29,A_Submitted,2016-02-01T18:50:21.513811,0,User_1
Case_29,W_Handle leads,2016-02-01T18:50:21.613811,0,User_13
Case_29,W_Complete application & A_Concept,2016-02-02T00:13:59.534792,0,
Case_29,A_Accepted,2016-02-02T00:16:48.872521,0,User_20
Case_29,O_Create Offer & O_Created,2016-02-02T00:17:08.657548,0,
Case_29,O_Sent (mail and online),2016-02-13T21:20:51.397183,0,User_46
Case_29,W_Call after offers & A_Complete,2016-02-13T23:47:20.458389,0,
Case_29,O_Create Offer & O_Created,2016-02-13T23:47:38.819438,1,
Case_29,O_Sent (mail and online),2016-02-13T23:47:41.610260,1,User_26
Case_29,W_Validate application & A_Validating,2016-02-13T23:48:33.427655,2,
Case_29,O_Returned,2016-02-13T23:51:27.013948,2,User_109
Case_29,A_Incomplete,2016-02-13T23:51:39.198996,2,User_66
Case_29,A_Validating,2016-02-13T23:51:45.868403,2,User_59
Case_29,A_Incomplete,2016-02-13T23:52:18.166326,2,User_48
Case_29,END,2016-02-13T23:53:18.166326,2,
Case_3,A_Create Application,2016-02-01T10:42:53.601307,0,User_13
Case_3,A_Submitted,2016-02-01T10:42:53.736503,0,User_1
Case_3,W_Handle leads,2016-02-01T10:43:06.319591,0,User_22
Case_3,W_Complete application & A_Concept,2016-02-06T02:09:27.347094,0,
Case_3,A_Accepted,2016-02-06T02:17:45.558691,0,User_34
Case_3,O_Create Offer & O_Created,2016-02-06T02:18:51.486028,0,
Case_3,O_Sent (mail and online),2016-02-06T02:18:51.586028,0,User_25
Case_3,W_Call after offers & A_Complete,2016-02-06T02:18:52.680007,0,
Case_3,W_Validate application & A_Validating,2016-02-06T02:19:02.454075,1,
Case_3,O_Create Offer & O_Created,2016-02-06T02:19:28.830704,2,
Case_3,O_Sent (mail and online),2016-02-06T02:19:29.273245,2,User_62
Case_3,W_Call after offers & A_Complete,2016-02-06T02:24:48.244204,2,
Case_3,A_Cancelled & O_Cancelled,2016-02-06T02:24:48.444204,2,
Case_3,END,2016-02-06T02:25:48.444204,2,
Case_30,A_Create Application,2016-02-01T18:51:57.395607,0,User_70
Case_30,A_Submitted,2016-02-01T18:51:57.527951,0,User_1
Case_30,W_Handle leads,2016-02-01T18:52:56.297879,0,User_144
Case_30,W_Complete application & A_Concept,2016-02-02T04:44:28.642944,0,
Case_30,A_Accepted,2016-02-02T04:52:53.313558,0,User_6
Case_30,O_Create Offer & O_Created,2016-02-02T04:53:01.557978,0,
Case_30,O_Sent (mail and online),2016-02-02T04:53:01.665260,0,User_111
Case_30,W_Call after offers & A_Complete,2016-02-02T04:55:13.582753,0,
Case_30,A_Cancelled & O_Cancelled,2016-02-02T04:55:14.223078,0,
Case_30,END,2016-02-02T04:56:14.223078,0,
Case_31,A_Create Application,2016-02-01T19:32:56.970088,0,User_75
Case_31,A_Submitted,2016-02-01T19:32:57.398903,0,User_1
Case_31,W_Handle leads,2016-02-01T19:32:57.498903,0,User_143
Case_31,W_Complete application & A_Concept,2016-02-02T00:17:44.536918,0,
Case_31,A_Accepted,2016-02-02T00:24:05.671980,0,User_75
Case_31,O_Create Offer & O_Created,2016-02-02T00:25:05.076133,0,
Case_31,O_Sent (mail and online),2016-02-02T00:25:05.176133,0,User_104
Case_31,W_Call after offers & A_Complete,2016-02-03T13:44:43.007468,0,
Case_31,A_Cancelled & O_Cancelled,2016-02-03T13:44:43.374674,0,
Case_31,END,2016-02-03T13:45:43.374674,0,
Case_32,A_Create Application,2016-02-01T19:39:20.336960,0,User_23
Case_32,A_Submitted,2016-02-01T19:39:20.685521,0,User_1
Case_32,W_Handle leads,2016-02-02T01:42:44.142300,0,User_23
Case_32,W_Complete application & A_Concept,2016-02-02T02:23:45.627739,0,
Case_32,A_Accepted,2016-02-02T02:27:14.562074,0,User_69
Case_32,O_Create Offer & O_Created,2016-02-02T02:30:19.041504,0,
Case_32,O_Sent (mail and online),2016-02-02T02:30:19.141504,0,User_75
Case_32,W_Call after offers & A_Complete,2016-02-06T18:16:48.354687,0,
Case_32,A_Cancelled & O_Cancelled,2016-02-06T18:16:48.577763,0,
Case_32,END,2016-02-06T18:17:48.577763,0,
Case_33,A_Create Application,2016-02-01T20:48:46.838422,0,User_106
Case_33,A_Submitted,2016-02-01T20:48:47.330479,0,User_1
Case_33,W_Handle leads,2016-02-01T20:48:47.484855,0,User_54
Case_33,W_Complete application & A_Concept,2016-02-01T20:52:06.569155,0,
Case_33,A_Accepted,2016-02-01T20:54:38.558855,0,User_97
Case_33,O_Create Offer & O_Created,2016-02-01T20:54:45.608237,0,
Case_33,O_Sent (mail and online),2016-02-01T20:54:46.010066,0,User_56
Case_33,W_Call after offers & A_Complete,2016-02-01T21:08:17.475052,0,
Case_33,O_Create Offer & O_Created,2016-02-01T21:11:12.154062,2,
Case_33,O_Sent (mail and online),2016-02-01T21:11:40.360142,2,User_29
Case_33,W_Call after offers & A_Complete,2016-02-01T21:12:23.607331,2,
Case_33,O_Create Offer & O_Created,2016-02-01T21:12:30.283772,2,
Case_33,O_Sent (mail and online),2016-02-01T21:12:30.383772,2,User_54
Case_33,W_Call after offers & A_Complete,2016-02-01T21:22:53.813286,2,
Case_33,A_Cancelled & O_Cancelled,2016-02-01T21:24:33.958388,2,
Case_33,END,2016-02-01T21:25:33.958388,2,
Case_34,A_Create Application,2016-02-01T20:50:43.030356,0,User_47
Case_34,A_Submitted,2016-02-01T20:50:43.367662,0,User_1
Case_34,W_Handle leads,2016-02-01T20:50:43.467662,0,User_43
Case_34,W_Complete application & A_Concept,2016-02-01T21:26:36.267453,0,
Case_34,A_Accepted,2016-02-01T21:32:01.096932,0,User_98
Case_34,O_Create Offer & O_Created,2016-02-01T21:38:32.418285,0,
Case_34,O_Sent (mail and online),2016-02-01T21:38:32.942670,0,User_88
Case_34,W_Call after offers & A_Complete,2016-02-01T21:39:58.320026,0,
Case_34,A_Cancelled & O_Cancelled,2016-02-01T21:39:59.186155,0,
Case_34,END,2016-02-01T21:40:59.186155,0,
Case_35,A_Create Application,2016-02-01T21:29:46.607028,0,User_17
Case_35,A_Submitted,2016-02-01T21:29:46.794024,0,User_1
Case_35,W_Handle leads,2016-02-01T21:34:36.431226,0,User_19
Case_35,W_Complete application & A_Concept,2016-02-01T22:23:08.048813,0,
Case_35,A_Accepted,2016-02-01T22:23:55.611168,0,User_35
Case_35,O_Create Offer & O_Created,2016-02-01T22:24:35.966907,0,
Case_35,O_Sent (mail and online),2016-02-01T22:49:57.402962,0,User_3
Case_35,W_Call after offers & A_Complete,2016-02-04T15:54:57.584585,0,
Case_35,A_Cancelled & O_Cancelled,2016-02-04T15:54:57.893710,0,
Case_35,END,2016-02-04T15:55:57.893710,0,
Case_36,A_Create Application,2016-02-01T21:32:53.175460,0,User_111
Case_36,A_Submitted,2016-02-01T21:32:53.421887,0,User_1
Case_36,W_Handle leads,2016-02-01T21:33:28.798602,0,User_146
Case_36,W_Complete application & A_Concept,2016-02-01T21:34:19.312039,0,
Case_36,A_Accepted,2016-02-01T21:38:01.460279,0,User_135
Case_36,O_Create Offer & O_Created,2016-02-01T21:43:15.896637,0,
Case_36,O_Sent (mail and online),2016-02-01T21:43:15.996637,0,User_74
Case_36,W_Call after offers & A_Complete,2016-04-01T21:47:32.571553,0,
Case_36,O_Create Offer & O_Created,2016-04-01T21:47:47.316855,0,
Case_36,O_Sent (mail and online),2016-04-01T21:47:47.416855,0,User_108
Case_36,W_Call after offers & A_Complete,2016-04-01T21:52:48.468307,0,
Case_36,A_Cancelled & O_Cancelled,2016-04-01T21:52:48.668307,0,
Case_36,END,2016-04-01T21:53:48.668307,0,
Case_37,A_Create Application,2016-02-01T22:21:48.142562,0,User_12
Case_37,A_Submitted,2016-02-01T22:21:48.661365,0,User_1
Case_37,W_Handle leads,2016-02-01T22:21:58.450369,0,User_41
Case_37,W_Complete application & A_Concept,2016-02-01T22:22:59.344047,0,
Case_37,A_Accepted,2016-02-01T22:25:13.129264,0,User_19
Case_37,O_Create Offer & O_Created,2016-02-01T22:26:21.622014,0,
Case_37,O_Sent (mail and online),2016-02-01T22:26:21.722014,0,User_42
Case_37,W_Call after offers & A_Complete,2016-02-01T22:34:17.288280,0,
Case_37,O_Create Offer & O_Created,2016-02-01T22:35:02.671946,0,
Case_37,O_Sent (mail and online),2016-02-01T22:35:02.771946,0,User_75
Case_37,W_Call after offers & A_Complete,2016-02-01T22:43:53.799576,0,
Case_37,O_Create Offer & O_Created,2016-02-01T22:45:05.515884,1,
Case_37,O_Sent (mail and online),2016-02-01T22:45:05.636814,1,User_25
Case_37,W_Call after offers & A_Complete,2016-02-01T22:53:08.290122,1,
Case_37,W_Validate application & A_Validating,2016-02-01T22:53:28.244560,1,
Case_37,W_Validate application & A_Validating,2016-02-01T22:57:40.100868,2,
Case_37,O_Returned,2016-02-01T22:58:36.815771,1,User_139
Case_37,A_Incomplete,2016-02-01T22:58:51.872228,1,User_134
Case_37,A_Validating,2016-02-01T22:59:09.379334,1,User_64
Case_37,END,2016-02-01T23:00:09.379334,1,
Case_38,A_Create Application,2016-02-01T22:32:58.431525,0,User_1
Case_38,A_Submitted,2016-02-01T22:32:58.846103,0,User_1
Case_38,W_Handle leads,2016-02-02T00:03:11.633627,0,User_66
Case_38,W_Complete application & A_Concept,2016-02-02T03:12:45.764734,0,
Case_38,A_Accepted,2016-02-02T03:17:20.145670,0,User_22
Case_38,O_Create Offer & O_Created,2016-02-02T03:18:40.525119,0,
Case_38,O_Sent (mail and online),2016-02-02T03:19:31.847134,0,User_32
Case_38,W_Call after offers & A_Complete,2016-02-02T03:23:12.675109,0,
Case_38,O_Create Offer & O_Created,2016-02-02T03:23:39.297420,2,
Case_38,O_Sent (mail and online),2016-02-02T03:23:39.397420,2,User_132
Case_38,W_Validate application & A_Validating,2016-02-02T03:24:14.216171,1,
Case_38,O_Returned,2016-02-02T03:26:36.658418,1,User_90
Case_38,END,2016-02-02T03:27:36.658418,1,
Case_39,A_Create Application,2016-02-01T22:33:10.865474,0,User_50
Case_39,A_Submitted,2016-02-01T22:33:11.428634,0,User_1
Case_39,W_Handle leads,2016-02-01T22:33:11.528634,0,User_77
Case_39,W_Complete application & A_Concept,2016-02-02T01:59:20.937354,0,
Case_39,A_Accepted,2016-02-02T02:03:39.295957,0,User_73
Case_39,O_Create Offer & O_Created,2016-02-02T02:04:20.843006,0,
Case_39,O_Sent (mail and online),2016-02-02T02:04:20.943006,0,User_8
Case_39,W_Call after offers & A_Complete,2016-04-02T02:06:29.869578,0,
Case_39,O_Create Offer & O_Created,2016-04-02T02:06:56.726206,0,
Case_39,O_Sent (mail and online),2016-04-02T02:06:58.617101,0,User_25
Case_39,W_Call after offers & A_Complete,2016-04-02T02:07:34.244151,0,
Case_39,W_Validate application & A_Validating,2016-04-02T02:09:03.791365,1,
Case_39,O_Create Offer & O_Created,2016-04-02T02:09:05.929159,2,
Case_39,O_Sent (mail and online),2016-04-02T02:09:06.044514,2,User_18
Case_39,O_Returned,2016-04-02T02:11:04.186266,1,User_30
Case_39,END,2016-04-02T02:12:04.186266,1,
Case_4,A_Create Application,2016-02-01T10:43:07.090674,0,User_21
Case_4,A_Submitted,2016-02-01T10:43:07.455929,0,User_1
Case_4,W_Handle leads,2016-02-01T10:47:02.707780,0,User_36
Case_4,W_Complete application & A_Concept,2016-02-12T17:19:26.076303,0,
Case_4,A_Accepted,2016-02-12T17:20:12.313685,0,User_29
Case_4,O_Create Offer & O_Created,2016-02-12T17:20:19.969848,0,
Case_4,O_Sent (mail and online),2016-02-12T17:20:20.069848,0,User_50
Case_4,W_Call after offers & A_Complete,2016-02-12T17:21:15.091158,0,
Case_4,A_Cancelled & O_Cancelled,2016-02-12T17:21:15.291158,0,
Case_4,END,2016-02-12T17:22:15.291158,0,
Case_40,A_Create Application,2016-02-01T22:46:20.080956,0,User_53
Case_40,A_Submitted,2016-02-01T22:46:20.452991,0,User_1
Case_40,W_Handle leads,2016-02-01T22:46:20.712514,0,User_103
Case_40,W_Complete application & A_Concept,2016-02-02T20:58:45.792340,0,
Case_40,A_Accepted,2016-02-02T21:02:16.538668,0,User_8
Case_40,O_Create Offer & O_Created,2016-02-02T21:03:02.591609,0,
Case_40,O_Sent (mail and online),2016-02-03T04:51:58.152121,0,User_106
Case_40,W_Call after offers & A_Complete,2016-04-03T04:52:52.913331,0,
Case_40,A_Cancelled & O_Cancelled,2016-04-03T04:52:53.840525,0,
Case_40,END,2016-04-03T04:53:53.840525,0,
Case_41,A_Create Application,2016-02-01T23:04:38.366944,0,User_25
Case_41,A_Submitted,2016-02-01T23:04:38.896217,0,User_1
Case_41,W_Handle leads,2016-02-01T23:15:18.139227,0,User_35
Case_41,W_Complete application & A_Concept,2016-02-01T23:48:48.553227,0,
Case_41,A_Accepted,2016-02-01T23:50:33.472581,0,User_64
Case_41,O_Create Offer & O_Created,2016-02-01T23:50:40.754268,0,
Case_41,O_Sent (mail and online),2016-02-01T23:50:40.854268,0,User_102
Case_41,W_Call after offers & A_Complete,2016-02-01T23:51:09.258709,0,
Case_41,W_Validate application & A_Validating,2016-02-01T23:51:48.283300,0,
Case_41,O_Returned,2016-02-02T00:03:36.489536,0,User_117
Case_41,END,2016-02-02T00:04:36.489536,0,
Case_42,A_Create Application,2016-02-01T23:11:11.285654,0,User_48
Case_42,A_Submitted,2016-02-01T23:11:11.937985,0,User_1
Case_42,W_Handle leads,2016-02-01T23:12:22.141921,0,User_3
Case_42,W_Complete application & A_Concept,2016-02-01T23:12:31.439730,0,
Case_42,A_Accepted,2016-02-01T23:26:59.098390,0,User_75
Case_42,O_Create Offer & O_Created,2016-02-01T23:29:23.043382,0,
Case_42,O_Sent (mail and online),2016-02-01T23:44:24.390051,0,User_81
Case_42,W_Call after offers & A_Complete,2016-02-01T23:52:55.551239,0,
Case_42,O_Create Offer & O_Created,2016-02-01T23:53:16.330883,1,
Case_42,O_Sent (mail and online),2016-02-01T23:54:16.830461,1,User_66
Case_42,W_Call after offers & A_Complete,2016-02-01T23:55:34.733717,1,
Case_42,W_Validate application & A_Validating,2016-02-01T23:56:16.758572,3,
Case_42,O_Create Offer & O_Created,2016-02-01T23:56:54.594578,4,
Case_42,O_Sent (mail and online),2016-02-01T23:56:54.694578,4,User_70
Case_42,O_Returned,2016-02-01T23:57:15.231476,3,User_90
Case_42,A_Incomplete,2016-02-01T23:57:33.296166,3,User_37
Case_42,A_Validating,2016-02-01T23:57:48.048643,3,User_11
Case_42,A_Incomplete,2016-02-01T23:58:12.267675,3,User_42
Case_42,END,2016-02-01T23:59:12.267675,3,
Case_43,A_Create Application,2016-02-01T23:38:11.892820,0,User_78
Case_43,A_Submitted,2016-02-01T23:38:12.242706,0,User_1
Case_43,W_Handle leads,2016-02-01T23:38:12.669800,0,User_41
Case_43,W_Complete application & A_Concept,2016-02-01T23:40:35.907370,0,
Case_43,A_Accepted,2016-02-01T23:41:34.223163,0,User_28
Case_43,O_Create Offer & O_Created,2016-02-01T23:46:38.035242,0,
Case_43,O_Sent (mail and online),2016-02-01T23:46:38.207836,0,User_81
Case_43,W_Call after offers & A_Complete,2016-02-01T23:47:24.336418,0,
Case_43,O_Create Offer & O_Created,2016-02-01T23:47:56.221970,0,
Case_43,O_Sent (mail and online),2016-02-01T23:47:56.334030,0,User_103
Case_43,W_Call after offers & A_Complete,2016-02-02T03:14:25.262723,0,
Case_43,O_Create Offer & O_Created,2016-02-02T03:14:40.852882,0,
Case_43,O_Sent (mail and online),2016-02-02T03:14:40.952882,0,User_78
Case_43,W_Call after offers & A_Complete,2016-02-02T03:24:08.162489,0,
Case_43,W_Validate application & A_Validating,2016-02-02T03:24:14.378019,2,
Case_43,O_Create Offer & O_Created,2016-02-02T03:24:22.246287,1,
Case_43,O_Sent (mail and online),2016-02-02T03:24:22.346287,1,User_79
Case_43,W_Call after offers & A_Complete,2016-02-02T03:32:56.034620,1,
Case_43,A_Cancelled & O_Cancelled,2016-02-02T03:32:56.234620,1,
Case_43,END,2016-02-02T03:33:56.234620,1,
Case_44,A_Create Application,2016-02-02T00:06:48.217276,0,User_108
Case_44,A_Submitted,2016-02-02T00:06:48.804397,0,User_1
Case_44,W_Handle leads,2016-02-03T20:11:21.066333,0,User_46
Case_44,W_Complete application & A_Concept,2016-02-03T20:33:45.412608,0,
Case_44,A_Accepted,2016-02-03T20:39:07.506655,0,User_16
Case_44,O_Create Offer & O_Created,2016-02-03T20:39:39.906894,0,
Case_44,O_Sent (mail and online),2016-02-03T20:39:40.006894,0,User_57
Case_44,W_Call after offers & A_Complete,2016-02-03T20:40:38.786155,0,
Case_44,O_Create Offer & O_Created,2016-02-03T20:41:19.776057,0,
Case_44,O_Sent (mail and online),2016-02-03T20:41:19.876057,0,User_27
Case_44,W_Call after offers & A_Complete,2016-02-03T20:47:31.007252,0,
Case_44,A_Cancelled & O_Cancelled,2016-02-03T20:47:31.207252,0,
Case_44,END,2016-02-03T20:48:31.207252,0,
Case_45,A_Create Application,2016-02-02T00:36:13.092968,0,User_85
Case_45,A_Submitted,2016-02-02T00:36:13.254558,0,User_1
Case_45,W_Handle leads,2016-02-02T00:39:18.248904,0,User_19
Case_45,W_Complete application & A_Concept,2016-02-02T00:39:18.623720,0,
Case_45,A_Accepted,2016-02-02T00:41:20.145249,0,User_75
Case_45,O_Create Offer & O_Created,2016-02-02T00:41:34.378419,0,
Case_45,O_Sent (mail and online),2016-02-02T00:41:34.478419,0,User_118
Case_45,W_Call after offers & A_Complete,2016-02-02T00:43:08.265173,0,
Case_45,O_Create Offer & O_Created,2016-02-02T00:43:21.858528,2,
Case_45,O_Sent (mail and online),2016-02-02T00:43:23.315425,2,User_61
Case_45,W_Validate application & A_Validating,2016-02-02T11:51:21.540853,1,
Case_45,O_Returned,2016-02-02T11:51:50.899579,1,User_129
Case_45,A_Incomplete,2016-02-02T11:52:02.329331,1,User_99
Case_45,A_Validating,2016-02-02T11:52:10.706968,1,User_27
Case_45,END,2016-02-02T11:53:10.706968,1,
Case_46,A_Create Application,2016-02-02T00:39:36.987299,0,User_52
Case_46,A_Submitted,2016-02-02T00:39:37.357190,0,User_1
Case_46,W_Handle leads,2016-02-02T00:39:37.457190,0,User_22
Case_46,W_Complete application & A_Concept,2016-02-02T01:11:51.432437,0,
Case_46,A_Accepted,2016-02-02T01:13:50.709353,0,User_18
Case_46,O_Create Offer & O_Created,2016-02-02T01:14:31.414405,0,
Case_46,O_Sent (mail and online),2016-02-02T01:14:34.460796,0,User_85
Case_46,W_Call after offers & A_Complete,2016-02-02T01:23:23.197225,0,
Case_46,O_Create Offer & O_Created,2016-02-02T01:24:17.581079,0,
Case_46,O_Sent (mail and online),2016-02-02T01:24:18.059836,0,User_36
Case_46,W_Call after offers & A_Complete,2016-02-02T01:27:50.060541,0,
Case_46,W_Validate application & A_Validating,2016-02-02T01:30:07.390548,0,
Case_46,O_Returned,2016-02-02T01:35:28.073804,0,User_112
Case_46,A_Incomplete,2016-02-02T01:36:15.448007,0,User_61
Case_46,A_Validating,2016-02-02T01:37:22.767424,0,User_49
Case_46,END,2016-02-02T01:38:22.767424,0,
Case_47,A_Create Application,2016-02-02T01:07:22.269715,0,User_36
Case_47,A_Submitted,2016-02-02T01:07:22.619564,0,User_1
Case_47,W_Handle leads,2016-02-02T01:07:22.719564,0,User_35
Case_47,W_Complete application & A_Concept,2016-02-02T03:00:48.797396,0,
Case_47,A_Accepted,2016-02-02T03:04:27.321589,0,User_68
Case_47,O_Create Offer & O_Created,2016-02-02T03:04:54.779261,0,
Case_47,O_Sent (mail and online),2016-02-02T03:04:54.879261,0,User_92
Case_47,W_Call after offers & A_Complete,2016-02-02T03:09:43.341125,0,
Case_47,O_Create Offer & O_Created,2016-02-02T03:13:44.903426,0,
Case_47,O_Sent (mail and online),2016-02-02T03:13:45.003426,0,User_87
Case_47,W_Call after offers & A_Complete,2016-02-02T03:16:52.187739,0,
Case_47,O_Create Offer & O_Created,2016-02-02T03:18:27.854324,0,
Case_47,O_Sent (mail and online),2016-02-02T03:18:30.546595,0,User_14
Case_47,W_Call after offers & A_Complete,2016-02-02T03:18:59.982584,0,
Case_47,A_Cancelled & O_Cancelled,2016-02-02T03:19:00.182584,0,
Case_47,END,2016-02-02T03:20:00.182584,0,
Case_48,A_Create Application,2016-02-02T01:31:57.643083,0,User_80
Case_48,A_Submitted,2016-02-02T01:31:57.982940,0,User_1
Case_48,W_Handle leads,2016-02-02T01:31:58.312941,0,User_120
Case_48,W_Complete application & A_Concept,2016-02-03T08:41:05.818620,0,
Case_48,A_Accepted,2016-02-03T08:42:00.664919,0,User_78
Case_48,O_Create Offer & O_Created,2016-02-03T08:42:02.806906,0,
Case_48,O_Sent (mail and online),2016-02-03T08:42:51.319585,0,User_77
Case_48,W_Call after offers & A_Complete,2016-02-03T08:47:43.781410,0,
Case_48,A_Cancelled & O_Cancelled,2016-02-03T08:47:43.981410,0,
Case_48,END,2016-02-03T08:48:43.981410,0,
Case_49,A_Create Application,2016-02-02T01:45:35.201095,0,User_10
Case_49,A_Submitted,2016-02-02T01:45:35.381116,0,User_1
Case_49,W_Handle leads,2016-02-02T01:45:36.704329,0,User_19
Case_49,W_Complete application & A_Concept,2016-02-02T15:38:38.103992,0,
Case_49,A_Accepted,2016-02-02T15:38:47.391622,0,User_87
Case_49,O_Create Offer & O_Created,2016-02-02T15:40:20.649142,0,
Case_49,O_Sent (mail and online),2016-02-02T15:40:20.749142,0,User_132
Case_49,W_Call after offers & A_Complete,2016-04-02T15:42:01.667791,0,
Case_49,O_Create Offer & O_Created,2016-04-02T15:43:04.200010,0,
Case_49,O_Sent (mail and online),2016-04-02T15:43:04.300010,0,User_22
Case_49,W_Call after offers & A_Complete,2016-04-03T02:34:04.796898,0,
Case_49,W_Validate application & A_Validating,2016-04-03T02:34:10.312012,2,
Case_49,O_Returned,2016-04-03T02:36:29.185190,2,User_99
Case_49,O_Create Offer & O_Created,2016-04-03T02:37:20.835117,1,
Case_49,O_Sent (mail and online),2016-04-03T02:37:21.659985,1,User_92
Case_49,END,2016-04-03T02:37:29.185190,2,
Case_5,A_Create Application,2016-02-01T12:25:05.181276,0,User_47
Case_5,A_Submitted,2016-02-01T12:25:05.419361,0,User_1
Case_5,W_Handle leads,2016-02-01T12:25:05.559897,0,User_86
Case_5,W_Complete application & A_Concept,2016-02-01T12:37:42.910447,0,
Case_5,A_Accepted,2016-02-01T12:37:51.449952,0,User_97
Case_5,O_Create Offer & O_Created,2016-02-01T12:38:54.402748,0,
Case_5,O_Sent (mail and online),2016-02-01T12:38:57.213220,0,User_102
Case_5,W_Call after offers & A_Complete,2016-02-01T12:41:26.783433,0,
Case_5,A_Cancelled & O_Cancelled,2016-02-01T12:41:26.983433,0,
Case_5,END,2016-02-01T12:42:26.983433,0,
Case_50,A_Create Application,2016-02-02T01:49:34.082581,0,User_84
Case_50,A_Submitted,2016-02-02T01:49:34.478283,0,User_1
Case_50,W_Handle leads,2016-02-02T01:58:48.041753,0,User_28
Case_50,W_Complete application & A_Concept,2016-02-16T05:36:38.136217,0,
Case_50,A_Accepted,2016-02-16T05:38:36.705547,0,User_110
Case_50,O_Create Offer & O_Created,2016-02-16T05:40:31.292838,0,
Case_50,O_Sent (mail and online),2016-02-16T05:40:32.569655,0,User_19
Case_50,W_Call after offers & A_Complete,2016-02-16T06:18:55.120277,0,
Case_50,O_Create Offer & O_Created,2016-02-16T06:19:20.854737,2,
Case_50,W_Validate application & A_Validating,2016-02-16T06:30:42.835816,1,
Case_50,O_Returned,2016-02-16T06:37:30.875896,1,User_31
Case_50,A_Incomplete,2016-02-16T06:37:55.594504,1,User_10
Case_50,END,2016-02-16T06:38:55.594504,1,
Case_51,A_Create Application,2016-02-02T02:03:31.586791,0,User_73
Case_51,A_Submitted,2016-02-02T02:03:31.774097,0,User_1
Case_51,W_Handle leads,2016-02-02T11:10:59.854995,0,User_40
Case_51,W_Complete application & A_Concept,2016-02-02T11:13:30.290884,0,
Case_51,A_Accepted,2016-02-02T11:25:33.640348,0,User_48
Case_51,O_Create Offer & O_Created,2016-02-02T11:26:42.613810,0,
Case_51,O_Sent (mail and online),2016-02-02T11:26:45.295554,0,User_26
Case_51,W_Call after offers & A_Complete,2016-04-02T11:28:31.003921,0,
Case_51,W_Validate application & A_Validating,2016-04-02T11:29:20.787858,0,
Case_51,O_Returned,2016-04-02T11:29:52.920646,0,User_103
Case_51,A_Incomplete,2016-04-02T11:29:58.108767,0,User_57
Case_51,END,2016-04-02T11:30:58.108767,0,
Case_52,A_Create Application,2016-02-02T02:08:35.312588,0,User_59
Case_52,A_Submitted,2016-02-02T02:08:35.939612,0,User_1
Case_52,W_Handle leads,2016-02-02T02:08:37.504435,0,User_43
Case_52,W_Complete application & A_Concept,2016-02-02T03:13:26.130610,0,
Case_52,A_Accepted,2016-02-02T03:19:11.138670,0,User_9
Case_52,O_Create Offer & O_Created,2016-02-02T03:19:25.282340,0,
Case_52,O_Sent (mail and online),2016-02-02T03:19:25.916171,0,User_121
Case_52,W_Call after offers & A_Complete,2016-02-02T03:23:24.706103,0,
Case_52,W_Validate application & A_Validating,2016-02-02T03:24:12.415638,0,
Case_52,O_Returned,2016-02-02T03:26:36.725000,0,User_90
Case_52,A_Incomplete,2016-02-02T03:27:07.497901,0,User_16
Case_52,END,2016-02-02T03:28:07.497901,0,
Case_53,A_Create Application,2016-02-02T02:15:43.107124,0,User_86
Case_53,A_Submitted,2016-02-02T02:15:43.630217,0,User_1
Case_53,W_Handle leads,2016-02-02T02:15:43.730217,0,User_69
Case_53,W_Complete application & A_Concept,2016-02-02T14:54:08.057296,0,
Case_53,A_Accepted,2016-02-02T15:01:54.759856,0,User_2
Case_53,O_Create Offer & O_Created,2016-02-02T15:12:47.795315,0,
Case_53,O_Sent (mail and online),2016-02-02T15:12:47.895315,0,User_6
Case_53,W_Call after offers & A_Complete,2016-02-02T15:30:42.052395,0,
Case_53,O_Create Offer & O_Created,2016-02-02T15:30:49.500303,2,
Case_53,O_Sent (mail and online),2016-02-02T15:30:50.435272,2,User_78
Case_53,W_Call after offers & A_Complete,2016-02-02T15:31:13.829683,2,
Case_53,A_Cancelled & O_Cancelled,2016-02-02T15:31:14.029683,2,
Case_53,END,2016-02-02T15:32:14.029683,2,
Case_54,A_Create Application,2016-02-02T02:36:46.275922,0,User_64
Case_54,A_Submitted,2016-02-02T02:36:46.615570,0,User_1
Case_54,W_Handle leads,2016-02-02T02:36:49.617901,0,User_25
Case_54,W_Complete application & A_Concept,2016-02-02T09:35:04.054566,0,
Case_54,A_Accepted,2016-02-02T09:37:18.565860,0,User_98
Case_54,O_Create Offer & O_Created,2016-02-02T09:40:57.533715,0,
Case_54,O_Sent (mail and online),2016-02-02T09:40:57.635028,0,User_87
Case_54,W_Call after offers & A_Complete,2016-02-02T09:52:42.807719,0,
Case_54,W_Validate application & A_Validating,2016-02-02T09:54:10.021270,0,
Case_54,O_Returned,2016-02-02T09:58:30.067954,0,User_107
Case_54,END,2016-02-02T09:59:30.067954,0,
Case_55,A_Create Application,2016-02-02T02:37:22.673925,0,User_73
Case_55,A_Submitted,2016-02-02T02:37:23.261358,0,User_1
Case_55,W_Handle leads,2016-02-02T02:37:38.516144,0,User_78
Case_55,W_Complete application & A_Concept,2016-02-02T21:50:06.028619,0,
Case_55,A_Accepted,2016-02-02T21:53:20.737843,0,User_58
Case_55,O_Create Offer & O_Created,2016-02-02T21:54:47.767358,0,
Case_55,O_Sent (mail and online),2016-02-02T21:56:26.012206,0,User_2
Case_55,W_Call after offers & A_Complete,2016-02-02T21:57:41.717505,0,
Case_55,W_Validate application & A_Validating,2016-02-02T21:58:00.681827,2,
Case_55,O_Create Offer & O_Created,2016-02-02T21:58:26.186905,1,
Case_55,O_Sent (mail and online),2016-02-02T21:58:30.036766,1,User_105
Case_55,O_Returned,2016-02-02T21:58:37.187915,2,User_103
Case_55,END,2016-02-02T21:59:37.187915,2,
Case_56,A_Create Application,2016-02-02T02:40:33.176983,0,User_87
Case_56,A_Submitted,2016-02-02T02:40:33.432267,0,User_1
Case_56,W_Handle leads,2016-02-02T02:40:33.565062,0,User_53
Case_56,W_Complete application & A_Concept,2016-02-03T14:23:54.019715,0,
Case_56,A_Accepted,2016-02-03T14:24:44.892649,0,User_84
Case_56,O_Create Offer & O_Created,2016-02-03T14:25:31.284629,0,
Case_56,O_Sent (mail and online),2016-02-03T14:25:31.384629,0,User_11
Case_56,W_Call after offers & A_Complete,2016-02-03T14:27:26.653998,0,
Case_56,W_Validate application & A_Validating,2016-02-03T14:28:00.520102,0,
Case_56,O_Returned,2016-02-03T14:29:05.159048,0,User_53
Case_56,END,2016-02-03T14:30:05.159048,0,
Case_57,A_Create Application,2016-02-02T03:09:33.198609,0,User_54
Case_57,A_Submitted,2016-02-02T03:09:33.469681,0,User_1
Case_57,W_Handle leads,2016-02-02T03:09:47.418980,0,User_38
Case_57,W_Complete application & A_Concept,2016-02-02T03:15:48.780938,0,
Case_57,A_Accepted,2016-02-02T03:17:04.355367,0,User_49
Case_57,O_Create Offer & O_Created,2016-02-02T03:18:11.709609,0,
Case_57,O_Sent (mail and online),2016-02-02T03:18:11.901338,0,User_17
Case_57,W_Call after offers & A_Complete,2016-02-02T03:20:35.444152,0,
Case_57,A_Cancelled & O_Cancelled,2016-02-02T03:20:35.644152,0,
Case_57,END,2016-02-02T03:21:35.644152,0,
Case_58,A_Create Application,2016-02-02T03:45:31.179112,0,User_87
Case_58,A_Submitted,2016-02-02T03:45:31.354573,0,User_1
Case_58,W_Handle leads,2016-02-02T03:45:33.118493,0,User_23
Case_58,W_Complete application & A_Concept,2016-02-02T03:46:10.799122,0,
Case_58,A_Accepted,2016-02-02T03:47:23.932542,0,User_36
Case_58,O_Create Offer & O_Created,2016-02-02T03:47:49.550744,0,
Case_58,O_Sent (mail and online),2016-02-02T03:47:49.834708,0,User_34
Case_58,W_Call after offers & A_Complete,2016-04-02T03:48:17.679187,0,
Case_58,O_Create Offer & O_Created,2016-04-02T03:48:43.629203,1,
Case_58,O_Sent (mail and online),2016-04-02T07:14:35.762063,1,User_89
Case_58,W_Call after offers & A_Complete,2016-04-02T07:17:42.506093,1,
Case_58,W_Validate application & A_Validating,2016-04-02T07:17:47.316399,3,
Case_58,O_Returned,2016-04-02T07:18:21.605227,3,User_106
Case_58,END,2016-04-02T07:19:21.605227,3,
Case_59,A_Create Application,2016-02-02T03:46:13.843973,0,User_83
Case_59,A_Submitted,2016-02-02T03:46:14.305800,0,User_1
Case_59,W_Handle leads,2016-02-02T03:46:19.098721,0,User_17
Case_59,W_Complete application & A_Concept,2016-02-02T03:53:23.321578,0,
Case_59,A_Accepted,2016-02-02T03:53:55.312000,0,User_3
Case_59,O_Create Offer & O_Created,2016-02-02T03:54:25.755775,0,
Case_59,O_Sent (mail and online),2016-02-02T03:54:25.855775,0,User_108
Case_59,W_Call after offers & A_Complete,2016-02-02T03:54:35.000756,0,
Case_59,W_Validate application & A_Validating,2016-02-02T03:54:47.866100,0,
Case_59,O_Returned,2016-02-02T03:58:22.009877,0,User_133
Case_59,A_Incomplete,2016-02-02T04:02:49.715239,0,User_99
Case_59,A_Validating,2016-02-02T04:03:53.233287,0,User_43
Case_59,A_Incomplete,2016-02-02T04:04:29.582065,0,User_12
Case_59,A_Validating,2016-02-02T04:04:33.105554,0,User_140
Case_59,END,2016-02-02T04:05:33.105554,0,
Case_6,A_Create Application,2016-02-01T13:07:12.974426,0,User_20
Case_6,A_Submitted,2016-02-01T13:07:13.346824,0,User_1
Case_6,W_Handle leads,2016-02-01T13:07:14.592437,0,User_26
Case_6,W_Complete application & A_Concept,2016-02-01T14:18:09.967405,0,
Case_6,A_Accepted,2016-02-01T14:19:02.940818,0,User_19
Case_6,O_Create Offer & O_Created,2016-02-01T14:20:28.093464,0,
Case_6,O_Sent (mail and online),2016-02-01T14:23:41.912159,0,User_2
Case_6,W_Call after offers & A_Complete,2016-02-01T22:41:18.009074,0,
Case_6,O_Create Offer & O_Created,2016-02-01T22:43:09.132574,0,
Case_6,O_Sent (mail and online),2016-02-01T22:43:11.275918,0,User_3
Case_6,W_Call after offers & A_Complete,2016-02-01T22:46:11.369374,0,
Case_6,A_Cancelled & O_Cancelled,2016-02-01T22:46:11.785673,0,
Case_6,END,2016-02-01T22:47:11.785673,0,
Case_60,A_Create Application,2016-02-02T03:55:56.074123,0,User_84
Case_60,A_Submitted,2016-02-02T03:55:56.231130,0,User_1
Case_60,W_Handle leads,2016-02-02T03:55:59.739141,0,User_62
Case_60,W_Complete application & A_Concept,2016-02-05T10:49:45.507825,0,
Case_60,A_Accepted,2016-02-05T10:51:16.451899,0,User_87
Case_60,O_Create Offer & O_Created,2016-02-05T10:52:35.431109,0,
Case_60,O_Sent (mail and online),2016-02-05T10:52:46.167434,0,User_25
Case_60,W_Call after offers & A_Complete,2016-02-05T10:56:41.139070,0,
Case_60,O_Create Offer & O_Created,2016-02-05T10:56:51.360678,1,
Case_60,O_Sent (mail and online),2016-02-05T11:07:11.613910,1,User_85
Case_60,W_Call after offers & A_Complete,2016-02-05T11:11:19.316769,1,
Case_60,W_Validate application & A_Validating,2016-02-05T11:40:19.549237,2,
Case_60,O_Returned,2016-02-05T11:41:02.128465,2,User_123
Case_60,END,2016-02-05T11:42:02.128465,2,
Case_61,A_Create Application,2016-02-02T03:58:54.060358,0,User_89
Case_61,A_Submitted,2016-02-02T03:58:54.503388,0,User_1
Case_61,W_Handle leads,2016-02-02T03:58:54.603388,0,User_52
Case_61,W_Complete application & A_Concept,2016-02-04T22:18:32.015132,0,
Case_61,A_Accepted,2016-02-04T22:19:23.756194,0,User_103
Case_61,O_Create Offer & O_Created,2016-02-04T22:19:41.998422,0,
Case_61,O_Sent (mail and online),2016-02-04T22:19:42.098422,0,User_53
Case_61,W_Call after offers & A_Complete,2016-02-04T22:57:54.156782,0,
Case_61,W_Validate application & A_Validating,2016-02-04T22:57:59.956437,2,
Case_61,O_Create Offer & O_Created,2016-02-04T22:58:19.196560,1,
Case_61,O_Sent (mail and online),2016-02-04T22:58:19.296560,1,User_97
Case_61,W_Call after offers & A_Complete,2016-02-04T23:00:41.244667,1,
Case_61,O_Create Offer & O_Created,2016-02-04T23:00:55.978235,1,
Case_61,O_Sent (mail and online),2016-02-04T23:02:27.839843,1,User_95
Case_61,O_Returned,2016-02-04T23:03:17.251100,2,User_112
Case_61,A_Incomplete,2016-02-04T23:03:19.979600,2,User_40
Case_61,A_Validating,2016-02-04T23:04:21.387965,2,User_100
Case_61,END,2016-02-04T23:05:21.387965,2,
Case_62,A_Create Application,2016-02-02T04:24:49.288534,0,User_21
Case_62,A_Submitted,2016-02-02T04:24:49.459602,0,User_1
Case_62,W_Handle leads,2016-02-02T04:24:49.559602,0,User_61
Case_62,W_Complete application & A_Concept,2016-02-03T15:30:58.470568,0,
Case_62,A_Accepted,2016-02-03T15:31:44.598216,0,User_104
Case_62,O_Create Offer & O_Created,2016-02-03T15:32:09.936329,0,
Case_62,O_Sent (mail and online),2016-02-03T15:32:10.036329,0,User_25
Case_62,W_Call after offers & A_Complete,2016-02-03T20:19:32.090067,0,
Case_62,O_Create Offer & O_Created,2016-02-03T20:19:55.300931,2,
Case_62,O_Sent (mail and online),2016-02-03T20:19:58.228569,2,User_94
Case_62,W_Validate application & A_Validating,2016-02-03T20:31:01.774280,1,
Case_62,O_Returned,2016-02-03T20:31:35.933319,1,User_113
Case_62,A_Incomplete,2016-02-03T20:31:44.155554,1,User_129
Case_62,A_Validating,2016-02-03T20:33:04.073860,1,User_58
Case_62,A_Incomplete,2016-02-03T20:33:06.885233,1,User_52
Case_62,A_Validating,2016-02-03T20:33:44.536699,1,User_51
Case_62,A_Incomplete,2016-02-03T20:33:49.108547,1,User_18
Case_62,A_Validating,2016-02-03T20:35:48.287986,1,User_35
Case_62,A_Incomplete,2016-02-03T20:35:48.917593,1,User_93
Case_62,A_Validating,2016-02-03T20:36:40.192747,1,User_56
Case_62,END,2016-02-03T20:37:40.192747,1,
Case_63,A_Create Application,2016-02-02T04:36:12.909301,0,User_21
Case_63,A_Submitted,2016-02-02T04:36:13.146584,0,User_1
Case_63,W_Handle leads,2016-02-02T04:36:15.142546,0,User_18
Case_63,W_Complete application & A_Concept,2016-02-02T04:52:44.105629,0,
Case_63,A_Accepted,2016-02-02T04:56:41.427291,0,User_100
Case_63,O_Create Offer & O_Created,2016-02-02T04:56:49.163427,0,
Case_63,O_Sent (mail and online),2016-02-02T04:56:49.263427,0,User_22
Case_63,W_Call after offers & A_Complete,2016-02-02T05:00:09.992848,0,
Case_63,O_Create Offer & O_Created,2016-02-02T05:03:04.148710,0,
Case_63,O_Sent (mail and online),2016-02-02T05:03:17.308596,0,User_45
Case_63,W_Call after offers & A_Complete,2016-02-02T05:03:55.756533,0,
Case_63,O_Create Offer & O_Created,2016-02-02T05:04:04.125582,1,
Case_63,O_Sent (mail and online),2016-02-02T05:04:04.614165,1,User_70
Case_63,W_Call after offers & A_Complete,2016-02-02T05:04:14.508666,1,
Case_63,W_Validate application & A_Validating,2016-02-02T05:06:30.803432,2,
Case_63,O_Create Offer & O_Created,2016-02-02T05:07:33.513091,4,
Case_63,O_Sent (mail and online),2016-02-02T05:07:33.613091,4,User_142
Case_63,W_Call after offers & A_Complete,2016-02-02T05:13:13.036995,4,
Case_63,W_Validate application & A_Validating,2016-02-02T05:13:43.576295,4,
Case_63,W_Validate application & A_Validating,2016-02-02T05:17:41.724490,3,
Case_63,O_Returned,2016-02-02T05:17:55.322504,4,User_2
Case_63,O_Returned,2016-02-02T05:18:31.223506,2,User_123
Case_63,END,2016-02-02T05:19:31.223506,2,
Case_64,A_Create Application,2016-02-02T05:11:16.437542,0,User_42
Case_64,A_Submitted,2016-02-02T05:11:16.984430,0,User_1
Case_64,W_Handle leads,2016-02-02T07:12:58.614842,0,User_144
Case_64,W_Complete application & A_Concept,2016-02-02T18:46:34.729366,0,
Case_64,A_Accepted,2016-02-02T18:52:33.782207,0,User_76
Case_64,O_Create Offer & O_Created,2016-02-02T18:53:04.343081,0,
Case_64,O_Sent (mail and online),2016-02-02T18:53:04.443081,0,User_62
Case_64,W_Call after offers & A_Complete,2016-02-02T19:38:03.361748,0,
Case_64,O_Create Offer & O_Created,2016-02-02T19:38:14.978192,0,
Case_64,O_Sent (mail and online),2016-02-02T19:38:15.078192,0,User_57
Case_64,W_Call after offers & A_Complete,2016-02-03T00:13:22.532049,0,
Case_64,O_Create Offer & O_Created,2016-02-03T00:16:07.819386,0,
Case_64,O_Sent (mail and online),2016-02-03T00:16:07.919386,0,User_7
Case_64,W_Call after offers & A_Complete,2016-02-03T00:24:55.897726,0,
Case_64,O_Create Offer & O_Created,2016-02-03T00:25:22.169213,2,
Case_64,O_Sent (mail and online),2016-02-03T00:25:22.269213,2,User_54
Case_64,W_Call after offers & A_Complete,2016-02-03T00:44:06.955590,2,
Case_64,W_Validate application & A_Validating,2016-02-03T00:45:36.023428,2,
Case_64,O_Returned,2016-02-03T00:45:58.161612,2,User_75
Case_64,END,2016-02-03T00:46:58.161612,2,
Case_65,A_Create Application,2016-02-02T05:17:59.833652,0,User_99
Case_65,A_Submitted,2016-02-02T05:18:00.043194,0,User_1
Case_65,W_Handle leads,2016-02-02T05:18:00.362509,0,User_7
Case_65,W_Complete application & A_Concept,2016-02-02T05:18:00.791844,0,
Case_65,A_Accepted,2016-02-02T05:22:29.496080,0,User_56
Case_65,O_Create Offer & O_Created,2016-02-02T05:25:15.117816,0,
Case_65,O_Sent (mail and online),2016-02-02T05:25:15.217816,0,User_12
Case_65,W_Call after offers & A_Complete,2016-02-02T06:28:38.228297,0,
Case_65,A_Cancelled & O_Cancelled,2016-02-02T06:28:38.428297,0,
Case_65,END,2016-02-02T06:29:38.428297,0,
Case_66,A_Create Application,2016-02-02T05:31:04.579574,0,User_31
Case_66,A_Submitted,2016-02-02T05:31:04.979580,0,User_1
Case_66,W_Handle leads,2016-02-02T05:31:08.006712,0,User_7
Case_66,W_Complete application & A_Concept,2016-02-02T05:55:40.647465,0,
Case_66,A_Accepted,2016-02-02T05:57:35.001137,0,User_29
Case_66,O_Create Offer & O_Created,2016-02-02T05:57:36.873335,0,
Case_66,O_Sent (mail and online),2016-02-02T05:57:37.027029,0,User_31
Case_66,W_Call after offers & A_Complete,2016-02-02T06:02:34.065670,0,
Case_66,W_Validate application & A_Validating,2016-02-02T06:07:14.520238,0,
Case_66,O_Returned,2016-02-02T06:07:56.451346,0,User_116
Case_66,A_Incomplete,2016-02-02T06:09:51.989991,0,User_124
Case_66,END,2016-02-02T06:10:51.989991,0,
Case_67,A_Create Application,2016-02-02T07:06:44.040006,0,User_66
Case_67,A_Submitted,2016-02-02T07:06:44.438594,0,User_1
Case_67,W_Handle leads,2016-02-02T07:08:44.094010,0,User_4
Case_67,W_Complete application & A_Concept,2016-02-02T07:10:26.236539,0,
Case_67,A_Accepted,2016-02-02T07:13:01.234746,0,User_71
Case_67,O_Create Offer & O_Created,2016-02-02T07:15:53.437427,0,
Case_67,O_Sent (mail and online),2016-02-02T07:15:53.537427,0,User_135
Case_67,W_Call after offers & A_Complete,2016-02-02T07:17:39.391544,0,
Case_67,O_Create Offer & O_Created,2016-02-02T07:19:31.193945,0,
Case_67,O_Sent (mail and online),2016-02-02T07:20:01.282954,0,User_87
Case_67,W_Call after offers & A_Complete,2016-02-02T07:22:28.663403,0,
Case_67,W_Validate application & A_Validating,2016-02-02T07:36:33.766381,0,
Case_67,O_Returned,2016-02-02T07:41:24.069149,0,User_31
Case_67,A_Incomplete,2016-02-02T07:41:31.122969,0,User_130
Case_67,END,2016-02-02T07:42:31.122969,0,
Case_68,A_Create Application,2016-02-02T07:17:27.386313,0,User_110
Case_68,A_Submitted,2016-02-02T07:17:27.571850,0,User_1
Case_68,W_Handle leads,2016-02-02T07:17:27.718192,0,User_71
Case_68,W_Complete application & A_Concept,2016-02-02T07:34:33.159407,0,
Case_68,A_Accepted,2016-02-02T07:37:37.793340,0,User_37
Case_68,O_Create Offer & O_Created,2016-02-02T07:38:55.591297,0,
Case_68,O_Sent (mail and online),2016-02-02T07:38:55.691297,0,User_10
Case_68,W_Call after offers & A_Complete,2016-02-02T08:08:46.957840,0,
Case_68,A_Cancelled & O_Cancelled,2016-02-02T08:08:47.157840,0,
Case_68,END,2016-02-02T08:09:47.157840,0,
Case_69,A_Create Application,2016-02-02T07:20:46.632249,0,User_20
Case_69,A_Submitted,2016-02-02T07:20:46.910157,0,User_1
Case_69,W_Handle leads,2016-02-02T07:34:35.834372,0,User_23
Case_69,W_Complete application & A_Concept,2016-02-02T07:39:18.597709,0,
Case_69,A_Accepted,2016-02-02T07:45:18.211850,0,User_99
Case_69,O_Create Offer & O_Created,2016-02-02T07:49:27.757711,0,
Case_69,O_Sent (mail and online),2016-02-02T07:49:28.075064,0,User_6
Case_69,W_Call after offers & A_Complete,2016-02-02T08:16:05.613462,0,
Case_69,O_Create Offer & O_Created,2016-02-02T08:16:42.779241,0,
Case_69,O_Sent (mail and online),2016-02-02T08:16:53.050105,0,User_55
Case_69,W_Call after offers & A_Complete,2016-02-02T08:17:39.924515,0,
Case_69,A_Cancelled & O_Cancelled,2016-02-02T08:17:40.395691,0,
Case_69,END,2016-02-02T08:18:40.395691,0,
Case_7,A_Create Application,2016-02-01T13:11:20.686294,0,User_105
Case_7,A_Submitted,2016-02-01T13:11:20.885409,0,User_1
Case_7,W_Handle leads,2016-02-01T13:12:16.171520,0,User_74
Case_7,W_Complete application & A_Concept,2016-02-01T13:39:27.884029,0,
Case_7,A_Accepted,2016-02-01T13:41:42.047775,0,User_58
Case_7,O_Create Offer & O_Created,2016-02-01T13:43:51.220901,0,
Case_7,O_Sent (mail and online),2016-02-01T13:43:51.320901,0,User_68
Case_7,W_Call after offers & A_Complete,2016-02-05T22:41:41.761754,0,
Case_7,W_Validate application & A_Validating,2016-02-05T23:34:44.360537,0,
Case_7,O_Returned,2016-02-05T23:36:58.134787,0,User_68
Case_7,A_Incomplete,2016-02-05T23:37:07.371811,0,User_118
Case_7,A_Validating,2016-02-05T23:37:09.334937,0,User_133
Case_7,A_Incomplete,2016-02-05T23:37:29.246777,0,User_136
Case_7,A_Validating,2016-02-05T23:37:35.665947,0,User_142
Case_7,END,2016-02-05T23:38:35.665947,0,
Case_70,A_Create Application,2016-02-02T07:36:43.190718,0,User_99
Case_70,A_Submitted,2016-02-02T07:36:43.482285,0,User_1
Case_70,W_Handle leads,2016-02-02T07:37:59.689488,0,User_19
Case_70,W_Complete application & A_Concept,2016-02-10T04:31:24.817098,0,
Case_70,A_Accepted,2016-02-10T04:33:56.830184,0,User_95
Case_70,O_Create Offer & O_Created,2016-02-10T04:34:16.067253,0,
Case_70,O_Sent (mail and online),2016-02-10T04:34:16.398867,0,User_107
Case_70,W_Call after offers & A_Complete,2016-02-10T04:37:05.150658,0,
Case_70,O_Create Offer & O_Created,2016-02-10T04:38:43.988192,0,
Case_70,O_Sent (mail and online),2016-02-10T04:38:44.369902,0,User_48
Case_70,W_Call after offers & A_Complete,2016-02-10T04:47:27.145731,0,
Case_70,A_Cancelled & O_Cancelled,2016-02-10T04:47:27.345731,0,
Case_70,END,2016-02-10T04:48:27.345731,0,
Case_71,A_Create Application,2016-02-02T08:25:34.206854,0,User_29
Case_71,A_Submitted,2016-02-02T08:25:34.845685,0,User_1
Case_71,W_Handle leads,2016-02-02T08:25:40.757946,0,User_67
Case_71,W_Complete application & A_Concept,2016-02-03T18:21:44.338252,0,
Case_71,A_Accepted,2016-02-03T18:22:59.730225,0,User_28
Case_71,O_Create Offer & O_Created,2016-02-03T18:26:19.516401,0,
Case_71,O_Sent (mail and online),2016-02-03T18:26:56.890832,0,User_58
Case_71,W_Call after offers & A_Complete,2016-02-03T18:31:35.094085,0,
Case_71,A_Cancelled & O_Cancelled,2016-02-03T18:31:35.597726,0,
Case_71,END,2016-02-03T18:32:35.597726,0,
Case_72,A_Create Application,2016-02-02T08:51:05.898946,0,User_80
Case_72,A_Submitted,2016-02-02T08:51:06.195828,0,User_1
Case_72,W_Handle leads,2016-02-02T09:12:35.892879,0,User_10
Case_72,W_Complete application & A_Concept,2016-02-05T19:04:10.057992,0,
Case_72,A_Accepted,2016-02-05T19:07:43.703025,0,User_95
Case_72,O_Create Offer & O_Created,2016-02-05T19:08:28.982652,0,
Case_72,O_Sent (mail and online),2016-02-05T19:09:57.614189,0,User_8
Case_72,W_Call after offers & A_Complete,2016-02-05T19:10:18.368376,0,
Case_72,A_Cancelled & O_Cancelled,2016-02-05T19:10:18.568376,0,
Case_72,END,2016-02-05T19:11:18.568376,0,
Case_73,A_Create Application,2016-02-02T08:55:16.751311,0,User_100
Case_73,A_Submitted,2016-02-02T08:55:16.962095,0,User_1
Case_73,W_Handle leads,2016-02-02T08:58:20.196237,0,User_13
Case_73,W_Complete application & A_Concept,2016-02-02T08:58:20.396237,0,
Case_73,A_Accepted,2016-02-02T08:58:54.894137,0,User_65
Case_73,O_Create Offer & O_Created,2016-02-02T08:59:17.484836,0,
Case_73,O_Sent (mail and online),2016-02-02T08:59:17.738750,0,User_60
Case_73,W_Call after offers & A_Complete,2016-02-02T09:00:45.542734,0,
Case_73,O_Create Offer & O_Created,2016-02-02T09:01:44.817166,0,
Case_73,O_Sent (mail and online),2016-02-02T09:01:44.917166,0,User_7
Case_73,W_Call after offers & A_Complete,2016-02-02T09:09:35.943429,0,
Case_73,W_Validate application & A_Validating,2016-02-02T23:43:06.500042,0,
Case_73,O_Returned,2016-02-02T23:43:34.250688,0,User_27
Case_73,A_Incomplete,2016-02-02T23:43:47.162739,0,User_10
Case_73,A_Validating,2016-02-02T23:44:21.366344,0,User_83
Case_73,A_Incomplete,2016-02-02T23:46:31.595698,0,User_35
Case_73,END,2016-02-02T23:47:31.595698,0,
Case_74,A_Create Application,2016-02-02T09:41:49.690783,0,User_100
Case_74,A_Submitted,2016-02-02T09:41:50.127305,0,User_1
Case_74,W_Handle leads,2016-02-02T09:41:50.227305,0,User_62
Case_74,W_Complete application & A_Concept,2016-02-02T10:25:37.473897,0,
Case_74,A_Accepted,2016-02-02T10:36:30.100090,0,User_89
Case_74,O_Create Offer & O_Created,2016-02-02T10:39:51.284733,0,
Case_74,O_Sent (mail and online),2016-02-02T10:39:51.450593,0,User_135
Case_74,W_Call after offers & A_Complete,2016-02-02T10:49:58.481976,0,
Case_74,A_Cancelled & O_Cancelled,2016-02-02T10:49:58.681976,0,
Case_74,END,2016-02-02T10:50:58.681976,0,
Case_75,A_Create Application,2016-02-02T09:47:40.012330,0,User_7
Case_75,A_Submitted,2016-02-02T09:47:40.314409,0,User_1
Case_75,W_Handle leads,2016-02-02T09:49:02.361605,0,User_24
Case_75,W_Complete application & A_Concept,2016-02-02T12:35:30.389890,0,
Case_75,A_Accepted,2016-02-02T12:37:43.368379,0,User_36
Case_75,O_Create Offer & O_Created,2016-02-02T12:46:29.990369,0,
Case_75,O_Sent (mail and online),2016-02-02T12:46:30.090369,0,User_57
Case_75,W_Call after offers & A_Complete,2016-02-02T12:59:46.466774,0,
Case_75,A_Cancelled & O_Cancelled,2016-02-02T12:59:46.666774,0,
Case_75,END,2016-02-02T13:00:46.666774,0,
Case_76,A_Create Application,2016-02-02T09:50:36.721414,0,User_69
Case_76,A_Submitted,2016-02-02T09:50:36.978370,0,User_1
Case_76,W_Handle leads,2016-02-02T09:50:41.097520,0,User_147
Case_76,W_Complete application & A_Concept,2016-02-02T10:09:19.324693,0,
Case_76,A_Accepted,2016-02-02T10:12:46.145654,0,User_72
Case_76,O_Create Offer & O_Created,2016-02-02T10:13:20.663352,0,
Case_76,O_Sent (mail and online),2016-02-02T10:13:38.256056,0,User_142
Case_76,W_Call after offers & A_Complete,2016-02-14T18:29:25.849988,0,
Case_76,W_Validate application & A_Validating,2016-02-14T18:30:17.653748,2,
Case_76,O_Create Offer & O_Created,2016-02-14T18:31:14.905167,1,
Case_76,O_Returned,2016-02-14T18:31:48.971203,2,User_68
Case_76,A_Incomplete,2016-02-14T18:32:10.657745,2,User_5
Case_76,END,2016-02-14T18:33:10.657745,2,
Case_77,A_Create Application,2016-02-02T10:34:58.915845,0,User_51
Case_77,A_Submitted,2016-02-02T10:34:59.185611,0,User_1
Case_77,W_Handle leads,2016-02-02T10:34:59.659488,0,User_55
Case_77,W_Complete application & A_Concept,2016-02-02T10:34:59.982906,0,
Case_77,A_Accepted,2016-02-02T10:40:17.974754,0,User_94
Case_77,O_Create Offer & O_Created,2016-02-02T10:40:39.856059,0,
Case_77,O_Sent (mail and online),2016-02-02T10:43:07.135197,0,User_12
Case_77,W_Call after offers & A_Complete,2016-02-02T10:43:24.461402,0,
Case_77,W_Validate application & A_Validating,2016-02-02T10:44:10.298521,0,
Case_77,O_Returned,2016-02-02T10:45:29.857861,0,User_53
Case_77,END,2016-02-02T10:46:29.857861,0,
Case_78,A_Create Application,2016-02-02T11:07:55.360148,0,User_83
Case_78,A_Submitted,2016-02-02T11:07:55.697280,0,User_1
Case_78,W_Handle leads,2016-02-02T11:07:55.797280,0,User_6
Case_78,W_Complete application & A_Concept,2016-02-03T02:19:34.410475,0,
Case_78,A_Accepted,2016-02-03T02:22:53.649116,0,User_72
Case_78,O_Create Offer & O_Created,2016-02-03T02:23:15.503191,0,
Case_78,O_Sent (mail and online),2016-02-03T02:23:19.248345,0,User_70
Case_78,W_Call after offers & A_Complete,2016-02-03T02:24:39.866440,0,
Case_78,A_Cancelled & O_Cancelled,2016-02-03T02:24:42.391814,0,
Case_78,END,2016-02-03T02:25:42.391814,0,
Case_79,A_Create Application,2016-02-02T11:14:13.055020,0,User_67
Case_79,A_Submitted,2016-02-02T11:14:13.590117,0,User_1
Case_79,W_Handle leads,2016-02-02T13:12:48.672810,0,User_44
Case_79,W_Complete application & A_Concept,2016-02-02T13:18:25.103223,0,
Case_79,A_Accepted,2016-02-02T13:18:58.646000,0,User_73
Case_79,O_Create Offer & O_Created,2016-02-02T13:19:55.275328,0,
Case_79,O_Sent (mail and online),2016-02-02T13:19:55.375328,0,User_102
Case_79,W_Call after offers & A_Complete,2016-02-03T05:30:23.436885,0,
Case_79,A_Cancelled & O_Cancelled,2016-02-03T05:30:24.202211,0,
Case_79,END,2016-02-03T05:31:24.202211,0,
Case_8,A_Create Application,2016-02-01T13:23:10.363664,0,User_88
Case_8,A_Submitted,2016-02-01T13:23:10.677449,0,User_1
Case_8,W_Handle leads,2016-02-01T13:23:17.462815,0,User_4
Case_8,W_Complete application & A_Concept,2016-02-01T14:02:10.445749,0,
Case_8,A_Accepted,2016-02-01T14:07:02.717403,0,User_19
Case_8,O_Create Offer & O_Created,2016-02-01T14:12:52.343931,0,
Case_8,O_Sent (mail and online),2016-02-01T14:12:52.443931,0,User_46
Case_8,W_Call after offers & A_Complete,2016-02-01T16:20:02.139353,0,
Case_8,O_Create Offer & O_Created,2016-02-01T16:20:56.632005,0,
Case_8,O_Sent (mail and online),2016-02-01T16:20:56.732005,0,User_71
Case_8,W_Call after offers & A_Complete,2016-02-01T23:32:40.460085,0,
Case_8,O_Create Offer & O_Created,2016-02-01T23:33:37.583933,1,
Case_8,O_Sent (mail and online),2016-02-01T23:33:39.380656,1,User_39
Case_8,W_Validate application & A_Validating,2016-02-01T23:43:05.512878,2,
Case_8,O_Returned,2016-02-01T23:45:00.237571,2,User_101
Case_8,A_Incomplete,2016-02-01T23:45:04.089481,2,User_132
Case_8,A_Validating,2016-02-01T23:47:32.114466,2,User_139
Case_8,END,2016-02-01T23:48:32.114466,2,
Case_80,A_Create Application,2016-02-02T11:31:20.158083,0,User_26
Case_80,A_Submitted,2016-02-02T11:31:20.580955,0,User_1
Case_80,W_Handle leads,2016-02-02T11:31:21.158721,0,User_74
Case_80,W_Complete application & A_Concept,2016-02-04T23:26:26.820645,0,
Case_80,A_Accepted,2016-02-04T23:27:49.045549,0,User_11
Case_80,O_Create Offer & O_Created,2016-02-04T23:28:19.862569,0,
Case_80,O_Sent (mail and online),2016-02-04T23:28:19.965318,0,User_8
Case_80,W_Call after offers & A_Complete,2016-02-04T23:28:32.189812,0,
Case_80,O_Create Offer & O_Created,2016-02-04T23:28:51.962805,0,
Case_80,O_Sent (mail and online),2016-02-04T23:29:27.956998,0,User_98
Case_80,W_Call after offers & A_Complete,2016-02-04T23:31:43.056823,0,
Case_80,A_Cancelled & O_Cancelled,2016-02-04T23:31:43.256823,0,
Case_80,END,2016-02-04T23:32:43.256823,0,
Case_81,A_Create Application,2016-02-02T11:31:45.828396,0,User_66
Case_81,A_Submitted,2016-02-02T11:31:46.412683,0,User_1
Case_81,W_Handle leads,2016-02-02T11:32:16.814393,0,User_34
Case_81,W_Complete application & A_Concept,2016-02-02T11:32:18.343477,0,
Case_81,A_Accepted,2016-02-02T11:36:33.833948,0,User_132
Case_81,O_Create Offer & O_Created,2016-02-02T11:37:02.903897,0,
Case_81,O_Sent (mail and online),2016-02-02T11:37:03.512573,0,User_42
Case_81,W_Call after offers & A_Complete,2016-02-02T11:37:51.072352,0,
Case_81,O_Create Offer & O_Created,2016-02-02T11:37:58.850141,2,
Case_81,W_Validate application & A_Validating,2016-02-02T11:40:02.197831,1,
Case_81,O_Sent (mail and online),2016-02-02T11:41:09.512769,2,User_41
Case_81,W_Call after offers & A_Complete,2016-02-02T11:42:19.445121,2,
Case_81,O_Returned,2016-02-02T11:45:01.864325,1,User_102
Case_81,W_Validate application & A_Validating,2016-02-02T11:45:26.415905,2,
Case_81,O_Returned,2016-02-02T11:47:16.545883,2,User_116
Case_81,A_Incomplete,2016-02-02T11:47:36.689166,1,User_47
Case_81,A_Validating,2016-02-02T11:48:04.863141,1,User_23
Case_81,END,2016-02-02T11:48:16.545883,2,
Case_82,A_Create Application,2016-02-02T11:42:36.126182,0,User_3
Case_82,A_Submitted,2016-02-02T11:42:36.398561,0,User_1
Case_82,W_Handle leads,2016-02-02T11:52:37.004129,0,User_4
Case_82,W_Complete application & A_Concept,2016-02-04T09:53:40.210965,0,
Case_82,A_Accepted,2016-02-04T10:02:26.308328,0,User_70
Case_82,O_Create Offer & O_Created,2016-02-04T10:02:32.558726,0,
Case_82,O_Sent (mail and online),2016-02-04T10:02:37.921004,0,User_16
Case_82,W_Call after offers & A_Complete,2016-02-04T10:09:49.056066,0,
Case_82,O_Create Offer & O_Created,2016-02-04T10:10:58.216802,0,
Case_82,O_Sent (mail and online),2016-02-04T10:10:58.316802,0,User_86
Case_82,W_Call after offers & A_Complete,2016-02-04T10:18:46.332226,0,
Case_82,A_Cancelled & O_Cancelled,2016-02-04T10:18:46.582613,0,
Case_82,END,2016-02-04T10:19:46.582613,0,
Case_83,A_Create Application,2016-02-02T11:45:57.026167,0,User_105
Case_83,A_Submitted,2016-02-02T11:45:58.167707,0,User_1
Case_83,W_Handle leads,2016-02-02T11:46:00.779762,0,User_23
Case_83,W_Complete application & A_Concept,2016-02-02T15:59:44.114462,0,
Case_83,A_Accepted,2016-02-02T16:04:15.409952,0,User_56
Case_83,O_Create Offer & O_Created,2016-02-02T16:06:06.396185,0,
Case_83,O_Sent (mail and online),2016-02-02T16:06:06.507328,0,User_75
Case_83,W_Call after offers & A_Complete,2016-02-05T01:53:25.960594,0,
Case_83,O_Create Offer & O_Created,2016-02-05T01:54:45.716003,0,
Case_83,O_Sent (mail and online),2016-02-05T01:54:48.644044,0,User_97
Case_83,W_Call after offers & A_Complete,2016-02-05T01:58:12.180302,0,
Case_83,A_Cancelled & O_Cancelled,2016-02-05T01:58:12.380302,0,
Case_83,END,2016-02-05T01:59:12.380302,0,
Case_84,A_Create Application,2016-02-02T11:53:25.338587,0,User_72
Case_84,A_Submitted,2016-02-02T11:53:25.753493,0,User_1
Case_84,W_Handle leads,2016-02-02T12:14:25.567925,0,User_16
Case_84,W_Complete application & A_Concept,2016-02-02T12:14:27.527543,0,
Case_84,A_Accepted,2016-02-02T12:15:40.370055,0,User_41
Case_84,O_Create Offer & O_Created,2016-02-02T12:15:47.352479,0,
Case_84,O_Sent (mail and online),2016-02-02T12:18:53.388725,0,User_6
Case_84,W_Call after offers & A_Complete,2016-02-02T12:21:47.420758,0,
Case_84,A_Cancelled & O_Cancelled,2016-02-02T12:21:47.620758,0,
Case_84,END,2016-02-02T12:22:47.620758,0,
Case_85,A_Create Application,2016-02-02T11:59:03.932587,0,User_26
Case_85,A_Submitted,2016-02-02T11:59:04.518253,0,User_1
Case_85,W_Handle leads,2016-02-02T11:59:04.618253,0,User_19
Case_85,W_Complete application & A_Concept,2016-02-02T17:59:36.240582,0,
Case_85,A_Accepted,2016-02-02T18:01:59.277128,0,User_102
Case_85,O_Create Offer & O_Created,2016-02-02T18:02:11.484605,0,
Case_85,O_Sent (mail and online),2016-02-02T18:02:11.893751,0,User_89
Case_85,W_Call after offers & A_Complete,2016-02-02T18:02:55.848503,0,
Case_85,W_Validate application & A_Validating,2016-02-02T18:03:20.441331,0,
Case_85,O_Returned,2016-02-02T18:08:33.211226,0,User_133
Case_85,END,2016-02-02T18:09:33.211226,0,
Case_86,A_Create Application,2016-02-02T12:20:59.731850,0,User_79
Case_86,A_Submitted,2016-02-02T12:20:59.962735,0,User_1
Case_86,W_Handle leads,2016-02-02T12:21:00.494965,0,User_11
Case_86,W_Complete application & A_Concept,2016-02-02T12:22:43.245732,0,
Case_86,A_Accepted,2016-02-02T12:37:37.111287,0,User_109
Case_86,O_Create Offer & O_Created,2016-02-02T12:38:17.368383,0,
Case_86,O_Sent (mail and online),2016-02-02T12:38:17.468383,0,User_21
Case_86,W_Call after offers & A_Complete,2016-02-02T14:00:13.108751,0,
Case_86,W_Validate application & A_Validating,2016-02-02T14:00:14.446045,0,
Case_86,O_Returned,2016-02-02T14:01:20.021115,0,User_122
Case_86,END,2016-02-02T14:02:20.021115,0,
Case_87,A_Create Application,2016-02-02T13:05:46.077910,0,User_63
Case_87,A_Submitted,2016-02-02T13:05:46.242212,0,User_1
Case_87,W_Handle leads,2016-02-02T13:05:46.635596,0,User_54
Case_87,W_Complete application & A_Concept,2016-02-02T13:31:15.871264,0,
Case_87,A_Accepted,2016-02-02T13:33:01.836337,0,User_8
Case_87,O_Create Offer & O_Created,2016-02-02T13:33:15.217270,0,
Case_87,O_Sent (mail and online),2016-02-02T13:33:15.317270,0,User_47
Case_87,W_Call after offers & A_Complete,2016-02-03T04:32:37.038729,0,
Case_87,O_Create Offer & O_Created,2016-02-03T04:32:54.807158,1,
Case_87,W_Validate application & A_Validating,2016-02-03T05:17:44.496482,2,
Case_87,O_Returned,2016-02-03T05:29:51.179991,2,User_118
Case_87,A_Incomplete,2016-02-03T05:32:53.793833,2,User_33
Case_87,A_Validating,2016-02-03T05:32:55.333577,2,User_84
Case_87,END,2016-02-03T05:33:55.333577,2,
Case_88,A_Create Application,2016-02-02T13:47:53.965543,0,User_82
Case_88,A_Submitted,2016-02-02T13:47:54.279695,0,User_1
Case_88,W_Handle leads,2016-02-02T13:47:54.379695,0,User_17
Case_88,W_Complete application & A_Concept,2016-02-02T13:48:01.481761,0,
Case_88,A_Accepted,2016-02-02T13:52:55.152865,0,User_141
Case_88,O_Create Offer & O_Created,2016-02-02T13:58:20.726400,0,
Case_88,O_Sent (mail and online),2016-02-02T13:58:20.826400,0,User_42
Case_88,W_Call after offers & A_Complete,2016-02-02T13:59:57.054851,0,
Case_88,A_Cancelled & O_Cancelled,2016-02-02T13:59:57.869541,0,
Case_88,END,2016-02-02T14:00:57.869541,0,
Case_89,A_Create Application,2016-02-02T14:01:40.687630,0,User_11
Case_89,A_Submitted,2016-02-02T14:01:40.870946,0,User_1
Case_89,W_Handle leads,2016-02-02T14:01:59.260244,0,User_45
Case_89,W_Complete application & A_Concept,2016-02-02T19:30:09.729181,0,
Case_89,A_Accepted,2016-02-02T19:31:01.821142,0,User_86
Case_89,O_Create Offer & O_Created,2016-02-02T19:31:27.680359,0,
Case_89,O_Sent (mail and online),2016-02-02T19:31:27.780359,0,User_142
Case_89,W_Call after offers & A_Complete,2016-02-02T19:34:42.377610,0,
Case_89,O_Create Offer & O_Created,2016-02-02T19:35:04.882942,2,
Case_89,O_Sent (mail and online),2016-02-02T19:35:04.982942,2,User_43
Case_89,W_Call after offers & A_Complete,2016-02-02T19:40:48.483359,2,
Case_89,A_Cancelled & O_Cancelled,2016-02-02T19:41:07.485083,2,
Case_89,END,2016-02-02T19:42:07.485083,2,
Case_9,A_Create Application,2016-02-01T13:36:37.344703,0,User_105
Case_9,A_Submitted,2016-02-01T13:36:37.496387,0,User_1
Case_9,W_Handle leads,2016-02-03T08:20:55.212412,0,User_6
Case_9,W_Complete application & A_Concept,2016-02-03T09:13:30.161828,0,
Case_9,A_Accepted,2016-02-03T09:25:34.486762,0,User_19
Case_9,O_Create Offer & O_Created,2016-02-03T09:25:46.392568,0,
Case_9,O_Sent (mail and online),2016-02-03T09:25:46.492568,0,User_63
Case_9,W_Call after offers & A_Complete,2016-02-03T09:44:29.646888,0,
Case_9,O_Create Offer & O_Created,2016-02-03T09:47:05.768652,2,
Case_9,O_Sent (mail and online),2016-02-03T09:47:08.635632,2,User_135
Case_9,W_Call after offers & A_Complete,2016-02-03T09:58:41.629750,2,
Case_9,O_Create Offer & O_Created,2016-02-03T09:58:56.823148,4,
Case_9,O_Sent (mail and online),2016-02-03T09:58:56.923148,4,User_65
Case_9,W_Validate application & A_Validating,2016-02-03T10:00:11.786959,3,
Case_9,W_Call after offers & A_Complete,2016-02-03T10:01:50.086296,4,
Case_9,A_Cancelled & O_Cancelled,2016-02-03T10:01:50.286296,4,
Case_9,END,2016-02-03T10:02:50.286296,4,
Case_90,A_Create Application,2016-02-02T14:26:25.735034,0,User_38
Case_90,A_Submitted,2016-02-02T14:26:25.937348,0,User_1
Case_90,W_Handle leads,2016-02-02T14:26:26.213052,0,User_50
Case_90,W_Complete application & A_Concept,2016-02-02T17:52:10.398786,0,
Case_90,A_Accepted,2016-02-02T17:55:44.922469,0,User_82
Case_90,O_Create Offer & O_Created,2016-02-02T17:55:50.123320,0,
Case_90,O_Sent (mail and online),2016-02-02T17:55:50.223320,0,User_56
Case_90,W_Call after offers & A_Complete,2016-02-02T17:57:40.731800,0,
Case_90,O_Create Offer & O_Created,2016-02-02T17:57:48.212065,1,
Case_90,O_Sent (mail and online),2016-02-02T17:57:48.312065,1,User_43
Case_90,W_Validate application & A_Validating,2016-02-02T18:04:15.891718,2,
Case_90,W_Call after offers & A_Complete,2016-02-02T18:06:53.966060,1,
Case_90,W_Validate application & A_Validating,2016-02-02T18:08:53.416362,1,
Case_90,O_Returned,2016-02-02T18:09:28.191557,2,User_130
Case_90,A_Incomplete,2016-02-02T18:09:35.764563,2,User_31
Case_90,A_Validating,2016-02-02T18:09:57.182734,2,User_58
Case_90,A_Incomplete,2016-02-02T18:10:17.320275,2,User_129
Case_90,END,2016-02-02T18:11:17.320275,2,
Case_91,A_Create Application,2016-02-02T14:36:42.455324,0,User_53
Case_91,A_Submitted,2016-02-02T14:36:43.151916,0,User_1
Case_91,W_Handle leads,2016-02-02T14:36:53.266805,0,User_25
Case_91,W_Complete application & A_Concept,2016-02-02T14:41:45.099363,0,
Case_91,A_Accepted,2016-02-02T14:43:42.234876,0,User_22
Case_91,O_Create Offer & O_Created,2016-02-02T14:45:39.213435,0,
Case_91,O_Sent (mail and online),2016-02-02T14:45:39.313435,0,User_70
Case_91,W_Call after offers & A_Complete,2016-02-02T14:53:08.989072,0,
Case_91,O_Create Offer & O_Created,2016-02-02T14:53:12.643194,2,
Case_91,O_Sent (mail and online),2016-02-02T14:53:14.300334,2,User_37
Case_91,W_Validate application & A_Validating,2016-02-02T14:53:29.341225,1,
Case_91,W_Call after offers & A_Complete,2016-02-02T14:55:36.339502,2,
Case_91,O_Create Offer & O_Created,2016-02-02T14:55:54.597317,2,
Case_91,O_Sent (mail and online),2016-02-02T14:55:54.697317,2,User_70
Case_91,W_Call after offers & A_Complete,2016-02-02T14:59:32.746675,2,
Case_91,A_Cancelled & O_Cancelled,2016-02-02T14:59:32.946675,2,
Case_91,END,2016-02-02T15:00:32.946675,2,
Case_92,A_Create Application,2016-02-02T15:13:46.296118,0,User_78
Case_92,A_Submitted,2016-02-02T15:13:46.697508,0,User_1
Case_92,W_Handle leads,2016-02-02T15:13:47.927279,0,User_13
Case_92,W_Complete application & A_Concept,2016-02-02T15:19:40.423458,0,
Case_92,A_Accepted,2016-02-02T15:20:22.969180,0,User_23
Case_92,O_Create Offer & O_Created,2016-02-02T15:20:58.126800,0,
Case_92,O_Sent (mail and online),2016-02-02T15:20:58.226800,0,User_107
Case_92,W_Call after offers & A_Complete,2016-02-02T15:37:11.671541,0,
Case_92,O_Create Offer & O_Created,2016-02-02T15:37:30.988770,1,
Case_92,O_Sent (mail and online),2016-02-02T15:37:31.088770,1,User_94
Case_92,W_Call after offers & A_Complete,2016-02-02T15:37:57.536353,1,
Case_92,A_Cancelled & O_Cancelled,2016-02-02T15:37:57.736353,1,
Case_92,END,2016-02-02T15:38:57.736353,1,
Case_93,A_Create Application,2016-02-02T15:26:33.594354,0,User_95
Case_93,A_Submitted,2016-02-02T15:26:33.804540,0,User_1
Case_93,W_Handle leads,2016-02-02T15:26:33.904540,0,User_141
Case_93,W_Complete application & A_Concept,2016-02-04T19:41:56.958559,0,
Case_93,A_Accepted,2016-02-04T19:43:44.730693,0,User_48
Case_93,O_Create Offer & O_Created,2016-02-04T19:44:01.000760,0,
Case_93,O_Sent (mail and online),2016-02-04T19:44:06.574715,0,User_109
Case_93,W_Call after offers & A_Complete,2016-02-04T19:49:48.686841,0,
Case_93,O_Create Offer & O_Created,2016-02-04T19:50:03.193619,2,
Case_93,O_Sent (mail and online),2016-02-04T19:50:03.293619,2,User_14
Case_93,W_Call after offers & A_Complete,2016-02-04T19:50:46.858202,2,
Case_93,A_Cancelled & O_Cancelled,2016-02-04T19:50:47.452178,2,
Case_93,END,2016-02-04T19:51:47.452178,2,
Case_94,A_Create Application,2016-02-02T15:49:21.220467,0,User_69
Case_94,A_Submitted,2016-02-02T15:49:21.643728,0,User_1
Case_94,W_Handle leads,2016-02-02T15:49:22.990196,0,User_11
Case_94,W_Complete application & A_Concept,2016-02-05T19:38:24.762039,0,
Case_94,A_Accepted,2016-02-05T19:44:26.494028,0,User_71
Case_94,O_Create Offer & O_Created,2016-02-05T19:44:40.686937,0,
Case_94,O_Sent (mail and online),2016-02-05T19:44:42.487112,0,User_28
Case_94,W_Call after offers & A_Complete,2016-02-05T19:46:26.420498,0,
Case_94,O_Create Offer & O_Created,2016-02-05T19:46:52.657346,2,
Case_94,O_Sent (mail and online),2016-02-05T19:46:52.757346,2,User_77
Case_94,W_Validate application & A_Validating,2016-02-05T19:50:03.785771,1,
Case_94,O_Returned,2016-02-05T20:03:50.271027,1,User_2
Case_94,END,2016-02-05T20:04:50.271027,1,
Case_95,A_Create Application,2016-02-02T15:52:10.227331,0,User_35
Case_95,A_Submitted,2016-02-02T15:52:10.502515,0,User_1
Case_95,W_Handle leads,2016-02-02T15:52:48.969685,0,User_18
Case_95,W_Complete application & A_Concept,2016-02-03T06:32:06.120773,0,
Case_95,A_Accepted,2016-02-03T06:36:20.327744,0,User_9
Case_95,O_Create Offer & O_Created,2016-02-03T06:36:42.006539,0,
Case_95,O_Sent (mail and online),2016-02-03T06:36:42.106539,0,User_44
Case_95,W_Call after offers & A_Complete,2016-02-03T06:38:11.073870,0,
Case_95,O_Create Offer & O_Created,2016-02-03T06:38:37.183203,2,
Case_95,O_Sent (mail and online),2016-02-03T06:38:37.283203,2,User_4
Case_95,W_Call after offers & A_Complete,2016-02-03T06:55:05.951463,2,
Case_95,O_Create Offer & O_Created,2016-02-03T06:55:56.459226,4,
Case_95,O_Sent (mail and online),2016-02-03T06:55:56.824411,4,User_61
Case_95,W_Call after offers & A_Complete,2016-02-03T06:57:17.601923,4,
Case_95,A_Cancelled & O_Cancelled,2016-02-03T06:57:17.801923,4,
Case_95,W_Validate application & A_Validating,2016-02-03T06:57:46.614147,3,
Case_95,END,2016-02-03T06:58:17.801923,4,
Case_96,A_Create Application,2016-02-02T15:52:24.367992,0,User_25
Case_96,A_Submitted,2016-02-02T15:52:24.864810,0,User_1
Case_96,W_Handle leads,2016-02-02T15:52:25.551877,0,User_16
Case_96,W_Complete application & A_Concept,2016-02-02T15:52:27.646502,0,
Case_96,A_Accepted,2016-02-02T15:54:43.456514,0,User_106
Case_96,O_Create Offer & O_Created,2016-02-02T15:57:37.140900,0,
Case_96,O_Sent (mail and online),2016-02-02T15:57:37.240900,0,User_109
Case_96,W_Call after offers & A_Complete,2016-02-02T16:03:48.835504,0,
Case_96,W_Validate application & A_Validating,2016-02-02T16:04:01.677314,2,
Case_96,O_Create Offer & O_Created,2016-02-02T16:04:23.639239,1,
Case_96,O_Sent (mail and online),2016-02-02T16:04:23.924288,1,User_142
Case_96,W_Call after offers & A_Complete,2016-02-02T16:05:34.744867,1,
Case_96,O_Create Offer & O_Created,2016-02-02T16:07:05.929758,1,
Case_96,O_Sent (mail and online),2016-02-02T16:07:06.029758,1,User_118
Case_96,W_Call after offers & A_Complete,2016-02-02T16:11:47.348923,1,
Case_96,O_Returned,2016-02-02T16:12:23.071281,2,User_83
Case_96,O_Create Offer & O_Created,2016-02-02T16:12:24.919235,4,
Case_96,O_Sent (mail and online),2016-02-02T16:12:25.019235,4,User_85
Case_96,A_Incomplete,2016-02-02T16:12:34.873331,2,User_106
Case_96,END,2016-02-02T16:13:34.873331,2,
Case_97,A_Create Application,2016-02-02T16:25:58.595309,0,User_94
Case_97,A_Submitted,2016-02-02T16:25:58.703147,0,User_1
Case_97,W_Handle leads,2016-02-02T16:26:04.707125,0,User_35
Case_97,W_Complete application & A_Concept,2016-02-03T18:54:38.693379,0,
Case_97,A_Accepted,2016-02-03T18:59:19.158628,0,User_23
Case_97,O_Create Offer & O_Created,2016-02-03T18:59:55.913426,0,
Case_97,O_Sent (mail and online),2016-02-03T18:59:59.081788,0,User_21
Case_97,W_Call after offers & A_Complete,2016-02-03T19:19:27.444979,0,
Case_97,O_Create Offer & O_Created,2016-02-03T19:20:05.372459,0,
Case_97,O_Sent (mail and online),2016-02-03T19:20:13.793561,0,User_60
Case_97,W_Call after offers & A_Complete,2016-02-11T18:36:35.257149,0,
Case_97,O_Create Offer & O_Created,2016-02-11T18:37:18.735720,1,
Case_97,O_Sent (mail and online),2016-02-11T18:37:22.596570,1,User_3
Case_97,W_Validate application & A_Validating,2016-02-11T18:37:28.414268,2,
Case_97,W_Call after offers & A_Complete,2016-02-11T18:41:15.818595,1,
Case_97,A_Cancelled & O_Cancelled,2016-02-11T18:41:16.018595,1,
Case_97,END,2016-02-11T18:42:16.018595,1,
Case_98,A_Create Application,2016-02-02T16:35:15.979234,0,User_108
Case_98,A_Submitted,2016-02-02T16:35:16.617312,0,User_1
Case_98,W_Handle leads,2016-02-02T16:35:16.717312,0,User_32
Case_98,W_Complete application & A_Concept,2016-02-02T18:53:18.394084,0,
Case_98,A_Accepted,2016-02-02T18:53:55.629676,0,User_30
Case_98,O_Create Offer & O_Created,2016-02-02T18:55:04.461577,0,
Case_98,O_Sent (mail and online),2016-02-02T18:55:04.561577,0,User_35
Case_98,W_Call after offers & A_Complete,2016-02-05T09:36:17.055840,0,
Case_98,O_Create Offer & O_Created,2016-02-05T09:37:26.848814,0,
Case_98,O_Sent (mail and online),2016-02-05T09:37:27.981932,0,User_95
Case_98,W_Call after offers & A_Complete,2016-02-05T09:39:54.939844,0,
Case_98,O_Create Offer & O_Created,2016-02-05T09:40:04.421667,0,
Case_98,O_Sent (mail and online),2016-02-05T09:40:04.521667,0,User_59
Case_98,W_Call after offers & A_Complete,2016-04-05T09:49:22.853392,0,
Case_98,O_Create Offer & O_Created,2016-04-05T09:49:44.363095,0,
Case_98,O_Sent (mail and online),2016-04-05T09:49:44.463095,0,User_52
Case_98,W_Call after offers & A_Complete,2016-04-05T09:54:49.263068,0,
Case_98,O_Create Offer & O_Created,2016-04-05T09:55:20.035371,0,
Case_98,O_Sent (mail and online),2016-04-05T09:55:20.193263,0,User_63
Case_98,W_Call after offers & A_Complete,2016-04-05T12:42:48.876427,0,
Case_98,O_Create Offer & O_Created,2016-04-05T12:44:19.901559,1,
Case_98,O_Sent (mail and online),2016-04-05T12:44:20.001559,1,User_38
Case_98,W_Validate application & A_Validating,2016-04-05T12:47:14.511381,2,
Case_98,O_Returned,2016-04-05T12:49:09.779026,2,User_115
Case_98,W_Call after offers & A_Complete,2016-04-05T12:49:15.424875,1,
Case_98,W_Validate application & A_Validating,2016-04-05T12:49:20.560228,3,
Case_98,O_Create Offer & O_Created,2016-04-05T12:49:23.914872,4,
Case_98,O_Sent (mail and online),2016-04-05T12:49:25.146170,4,User_75
Case_98,A_Incomplete,2016-04-05T12:50:19.565473,2,User_119
Case_98,A_Validating,2016-04-05T12:50:38.972095,2,User_59
Case_98,END,2016-04-05T12:51:38.972095,2,
Case_99,A_Create Application,2016-02-02T16:49:18.737809,0,User_32
Case_99,A_Submitted,2016-02-02T16:49:18.907864,0,User_1
Case_99,W_Handle leads,2016-02-02T16:49:19.007864,0,User_22
Case_99,W_Complete application & A_Concept,2016-02-04T06:00:31.545631,0,
Case_99,A_Accepted,2016-02-04T06:06:19.894439,0,User_92
Case_99,O_Create Offer & O_Created,2016-02-04T06:06:42.915852,0,
Case_99,O_Sent (mail and online),2016-02-04T06:06:43.015852,0,User_102
Case_99,W_Call after offers & A_Complete,2016-02-04T06:13:56.041824,0,
Case_99,O_Create Offer & O_Created,2016-02-04T06:14:25.454540,2,
Case_99,O_Sent (mail and online),2016-02-04T06:14:26.129106,2,User_85
Case_99,W_Validate application & A_Validating,2016-02-04T06:31:05.585890,1,
Case_99,O_Returned,2016-02-04T06:35:46.323342,1,User_103
Case_99,END,2016-02-04T06:36:46.323342,1,
