case:concept:name,concept:name,time:timestamp,branch_id,org:resource
Case_1,A_Create Application,2016-02-01T10:00:00.574643,0,User_15
Case_1,W_Complete application & A_Concept,2016-02-01T10:00:07.903386,0,
Case_1,A_Accepted,2016-02-01T10:03:29.147118,0,User_104
Case_1,O_Create Offer & O_Created,2016-02-01T10:03:38.575514,0,
Case_1,O_Sent (mail and online),2016-02-01T10:03:40.126981,0,User_118
Case_1,W_Call after offers & A_Complete,2016-02-01T11:00:11.707982,0,
Case_1,O_Create Offer & O_Created,2016-02-01T11:00:43.613013,1,
Case_1,O_Sent (mail and online),2016-02-01T11:00:46.131199,1,User_142
Case_1,W_Validate application & A_Validating,2016-02-01T11:00:49.145164,2,
Case_1,O_Returned,2016-02-01T11:04:18.453871,2,User_93
Case_1,A_Incomplete,2016-02-01T11:04:20.879327,2,User_71
Case_1,A_Validating,2016-02-01T11:05:54.665926,2,User_26
Case_1,A_Incomplete,2016-02-01T11:05:58.381368,2,User_17
Case_1,A_Validating,2016-02-01T11:06:29.353196,2,User_118
Case_1,W_Call after offers & A_Complete,2016-02-01T11:06:47.571067,1,
Case_1,A_Incomplete,2016-02-01T11:09:39.970224,2,User_40
Case_1,W_Validate application & A_Validating,2016-02-01T11:09:49.371046,1,
Case_1,A_Validating,2016-02-01T11:09:49.853412,2,User_19
Case_1,END,2016-02-01T11:10:49.853412,2,
Case_10,A_Create Application,2016-02-01T13:10:14.511673,0,User_105
Case_10,A_Submitted,2016-02-01T13:10:14.743355,0,User_1
Case_10,W_Handle leads,2016-02-01T13:10:14.843355,0,User_8
Case_10,W_Complete application & A_Concept,2016-02-01T13:56:52.414900,0,
Case_10,A_Accepted,2016-02-01T13:58:08.351190,0,User_75
Case_10,O_Create Offer & O_Created,2016-02-01T13:58:17.591972,0,
Case_10,O_Sent (mail and online),2016-02-01T13:58:54.706758,0,User_97
Case_10,W_Call after offers & A_Complete,2016-02-02T23:08:57.578952,0,
Case_10,A_Cancelled & O_Cancelled,2016-02-02T23:08:57.974912,0,
Case_10,END,2016-02-02T23:09:57.974912,0,
Case_100,A_Create Application,2016-02-02T20:21:19.151522,0,User_108
Case_100,W_Complete application & A_Concept,2016-02-05T02:56:03.375275,0,
Case_100,A_Accepted,2016-02-05T03:10:24.101138,0,User_92
Case_100,O_Create Offer & O_Created,2016-02-05T03:12:46.024162,0,
Case_100,O_Sent (mail and online),2016-02-05T03:12:46.357650,0,User_70
Case_100,W_Call after offers & A_Complete,2016-02-05T03:16:10.947638,0,
Case_100,O_Create Offer & O_Created,2016-02-05T03:19:53.051842,2,
Case_100,O_Sent (mail and online),2016-02-05T03:19:53.151842,2,User_28
Case_100,W_Validate application & A_Validating,2016-02-05T07:17:53.860930,1,
Case_100,O_Returned,2016-02-05T07:21:45.112325,1,User_118
Case_100,A_Incomplete,2016-02-05T07:21:59.075453,1,User_18
Case_100,A_Validating,2016-02-05T07:22:00.901300,1,User_113
Case_100,A_Incomplete,2016-02-05T07:23:59.047715,1,User_41
Case_100,END,2016-02-05T07:24:59.047715,1,
Case_11,A_Create Application,2016-02-01T13:18:36.454592,0,User_40
Case_11,W_Complete application & A_Concept,2016-02-01T14:24:49.510352,0,
Case_11,A_Accepted,2016-02-01T14:31:40.495064,0,User_110
Case_11,O_Create Offer & O_Created,2016-02-01T14:32:16.134598,0,
Case_11,O_Sent (mail and online),2016-02-01T14:32:16.328141,0,User_56
Case_11,W_Call after offers & A_Complete,2016-02-01T20:13:12.047213,0,
Case_11,O_Create Offer & O_Created,2016-02-01T20:14:25.301996,2,
Case_11,O_Sent (mail and online),2016-02-01T20:14:26.158325,2,User_78
Case_11,W_Call after offers & A_Complete,2016-02-01T20:15:25.804216,2,
Case_11,O_Create Offer & O_Created,2016-02-01T20:15:39.213186,2,
Case_11,O_Sent (mail and online),2016-02-01T20:15:39.658691,2,User_77
Case_11,W_Validate application & A_Validating,2016-02-02T07:42:26.384456,1,
Case_11,O_Returned,2016-02-02T07:46:18.573569,1,User_117
Case_11,END,2016-02-02T07:47:18.573569,1,
Case_12,A_Create Application,2016-02-01T13:33:50.816153,0,User_29
Case_12,A_Submitted,2016-02-01T13:33:51.024091,0,User_1
Case_12,W_Complete application & A_Concept,2016-02-02T21:06:04.163132,0,
Case_12,A_Accepted,2016-02-02T21:45:02.401382,0,User_91
Case_12,O_Create Offer & O_Created,2016-02-02T21:46:00.342300,0,
Case_12,O_Sent (mail and online),2016-02-02T21:46:01.155773,0,User_49
Case_12,W_Call after offers & A_Complete,2016-02-02T21:50:16.798997,0,
Case_12,W_Validate application & A_Validating,2016-02-02T21:55:07.611680,1,
Case_12,O_Create Offer & O_Created,2016-02-02T21:56:00.912039,2,
Case_12,O_Sent (mail and online),2016-02-02T21:56:01.012039,2,User_89
Case_12,O_Returned,2016-02-02T21:56:38.687736,1,User_2
Case_12,END,2016-02-02T21:57:38.687736,1,
Case_13,A_Create Application,2016-02-01T13:50:44.397136,0,User_19
Case_13,A_Submitted,2016-02-01T13:50:44.904494,0,User_1
Case_13,W_Complete application & A_Concept,2016-02-01T14:54:43.095244,0,
Case_13,A_Accepted,2016-02-01T14:59:07.326684,0,User_29
Case_13,O_Create Offer & O_Created,2016-02-01T15:01:19.661543,0,
Case_13,O_Sent (mail and online),2016-02-01T15:01:19.761543,0,User_102
Case_13,W_Call after offers & A_Complete,2016-04-01T15:02:21.628702,0,
Case_13,O_Create Offer & O_Created,2016-04-01T15:02:47.477982,0,
Case_13,O_Sent (mail and online),2016-04-01T15:02:47.577982,0,User_84
Case_13,W_Call after offers & A_Complete,2016-04-01T15:04:49.776738,0,
Case_13,O_Create Offer & O_Created,2016-04-01T15:06:02.280654,0,
Case_13,O_Sent (mail and online),2016-04-01T15:06:03.586143,0,User_62
Case_13,W_Call after offers & A_Complete,2016-04-01T15:13:42.706287,0,
Case_13,O_Create Offer & O_Created,2016-04-01T15:13:53.493237,1,
Case_13,O_Sent (mail and online),2016-04-01T15:13:54.657274,1,User_6
Case_13,W_Call after offers & A_Complete,2016-04-01T15:16:14.471768,1,
Case_13,O_Create Offer & O_Created,2016-04-01T15:16:27.633101,3,
Case_13,O_Sent (mail and online),2016-04-01T15:16:27.733101,3,User_121
Case_13,W_Call after offers & A_Complete,2016-04-01T15:21:56.365179,3,
Case_13,O_Create Offer & O_Created,2016-04-01T15:22:12.769846,5,
Case_13,O_Sent (mail and online),2016-04-01T15:22:12.869846,5,User_10
Case_13,W_Validate application & A_Validating,2016-04-01T15:23:42.190262,6,
Case_13,O_Returned,2016-04-01T15:24:06.339399,6,User_120
Case_13,W_Validate application & A_Validating,2016-04-01T15:24:06.701798,4,
Case_13,A_Incomplete,2016-04-01T15:24:37.707585,6,User_61
Case_13,A_Validating,2016-04-01T15:25:03.609040,6,User_118
Case_13,END,2016-04-01T15:26:03.609040,6,
Case_14,A_Create Application,2016-02-01T15:33:47.941893,0,User_57
Case_14,W_Complete application & A_Concept,2016-02-01T15:53:19.376808,0,
Case_14,A_Accepted,2016-02-01T16:10:52.625694,0,User_60
Case_14,O_Create Offer & O_Created,2016-02-01T16:11:19.332464,0,
Case_14,O_Sent (mail and online),2016-02-01T16:12:38.246907,0,User_68
Case_14,W_Call after offers & A_Complete,2016-02-01T16:13:47.645949,0,
Case_14,A_Cancelled & O_Cancelled,2016-02-01T16:13:47.845949,0,
Case_14,END,2016-02-01T16:14:47.845949,0,
Case_15,A_Create Application,2016-02-01T15:38:43.093343,0,User_102
Case_15,A_Submitted,2016-02-01T15:38:43.366311,0,User_1
Case_15,W_Complete application & A_Concept,2016-02-02T07:47:32.191683,0,
Case_15,A_Accepted,2016-02-02T07:50:06.157651,0,User_18
Case_15,O_Create Offer & O_Created,2016-02-02T07:50:50.706173,0,
Case_15,O_Sent (mail and online),2016-02-02T07:54:14.555152,0,User_7
Case_15,W_Call after offers & A_Complete,2016-02-02T10:10:09.684047,0,
Case_15,A_Cancelled & O_Cancelled,2016-02-02T10:10:09.884047,0,
Case_15,END,2016-02-02T10:11:09.884047,0,
Case_16,A_Create Application,2016-02-01T15:49:23.263753,0,User_84
Case_16,W_Complete application & A_Concept,2016-02-01T16:29:39.173732,0,
Case_16,A_Accepted,2016-02-01T16:36:11.114587,0,User_44
Case_16,O_Create Offer & O_Created,2016-02-01T16:37:08.482182,0,
Case_16,O_Sent (mail and online),2016-02-01T16:37:08.582182,0,User_34
Case_16,W_Call after offers & A_Complete,2016-02-01T16:50:39.795499,0,
Case_16,A_Cancelled & O_Cancelled,2016-02-01T16:50:39.995499,0,
Case_16,END,2016-02-01T16:51:39.995499,0,
Case_17,A_Create Application,2016-02-01T15:58:00.375908,0,User_89
Case_17,A_Submitted,2016-02-01T15:58:00.752465,0,User_1
Case_17,W_Handle leads,2016-02-01T18:27:06.761738,0,User_62
Case_17,W_Complete application & A_Concept,2016-02-02T00:02:38.339564,0,
Case_17,A_Accepted,2016-02-02T00:06:35.947417,0,User_33
Case_17,O_Create Offer & O_Created,2016-02-02T00:07:17.012067,0,
Case_17,O_Sent (mail and online),2016-02-02T01:18:52.556294,0,User_83
Case_17,W_Call after offers & A_Complete,2016-02-02T01:19:34.223609,0,
Case_17,W_Validate application & A_Validating,2016-02-02T01:19:41.854721,2,
Case_17,O_Create Offer & O_Created,2016-02-02T01:20:39.629433,1,
Case_17,O_Sent (mail and online),2016-02-02T01:20:39.729433,1,User_26
Case_17,O_Returned,2016-02-02T01:27:26.157504,2,User_115
Case_17,A_Incomplete,2016-02-02T01:28:39.525635,2,User_131
Case_17,A_Validating,2016-02-02T01:42:58.715264,2,User_122
Case_17,END,2016-02-02T01:43:58.715264,2,
Case_18,A_Create Application,2016-02-01T16:35:34.534613,0,User_93
Case_18,A_Submitted,2016-02-01T16:35:34.989124,0,User_1
Case_18,W_Complete application & A_Concept,2016-02-02T01:29:34.262938,0,
Case_18,A_Accepted,2016-02-02T01:47:12.465042,0,User_35
Case_18,O_Create Offer & O_Created,2016-02-02T01:47:26.595830,0,
Case_18,O_Sent (mail and online),2016-02-02T01:47:26.695830,0,User_37
Case_18,W_Call after offers & A_Complete,2016-02-02T02:10:00.739996,0,
Case_18,W_Validate application & A_Validating,2016-02-02T02:10:39.783752,2,
Case_18,O_Create Offer & O_Created,2016-02-02T02:11:26.941220,1,
Case_18,O_Sent (mail and online),2016-02-02T02:11:27.041220,1,User_25
Case_18,O_Returned,2016-02-02T02:13:32.305230,2,User_100
Case_18,W_Call after offers & A_Complete,2016-02-02T02:13:47.723330,1,
Case_18,O_Create Offer & O_Created,2016-02-02T02:14:19.420557,1,
Case_18,O_Sent (mail and online),2016-02-02T02:14:19.520557,1,User_51
Case_18,A_Incomplete,2016-02-02T02:15:51.029236,2,User_11
Case_18,END,2016-02-02T02:16:51.029236,2,
Case_19,A_Create Application,2016-02-01T16:59:12.553006,0,User_65
Case_19,W_Complete application & A_Concept,2016-02-01T22:35:07.734942,0,
Case_19,A_Accepted,2016-02-01T22:52:40.838137,0,User_26
Case_19,O_Create Offer & O_Created,2016-02-01T22:52:49.288177,0,
Case_19,O_Sent (mail and online),2016-02-01T22:54:39.830050,0,User_103
Case_19,W_Call after offers & A_Complete,2016-02-01T23:01:47.785251,0,
Case_19,W_Validate application & A_Validating,2016-02-01T23:03:02.987444,0,
Case_19,O_Returned,2016-02-01T23:04:44.902548,0,User_133
Case_19,A_Incomplete,2016-02-01T23:06:44.187523,0,User_17
Case_19,END,2016-02-01T23:07:44.187523,0,
Case_2,A_Create Application,2016-02-01T10:05:35.225111,0,User_96
Case_2,W_Complete application & A_Concept,2016-02-01T10:14:25.401593,0,
Case_2,A_Accepted,2016-02-01T10:16:01.696174,0,User_75
Case_2,O_Create Offer & O_Created,2016-02-01T10:16:10.764612,0,
Case_2,O_Sent (mail and online),2016-02-01T10:16:11.333047,0,User_105
Case_2,W_Call after offers & A_Complete,2016-02-01T10:21:55.431092,0,
Case_2,O_Create Offer & O_Created,2016-02-01T10:23:55.349135,1,
Case_2,O_Sent (mail and online),2016-02-01T10:23:55.449135,1,User_26
Case_2,W_Call after offers & A_Complete,2016-02-01T10:25:43.665560,1,
Case_2,O_Create Offer & O_Created,2016-02-01T10:26:21.825729,4,
Case_2,O_Sent (mail and online),2016-02-01T10:26:21.925729,4,User_78
Case_2,W_Validate application & A_Validating,2016-02-01T10:27:34.277598,3,
Case_2,W_Validate application & A_Validating,2016-02-01T10:27:35.646612,2,
Case_2,O_Returned,2016-02-01T10:29:05.507498,2,User_115
Case_2,END,2016-02-01T10:30:05.507498,2,
Case_20,A_Create Application,2016-02-01T17:18:48.018814,0,User_40
Case_20,A_Submitted,2016-02-01T17:18:48.177218,0,User_1
Case_20,W_Handle leads,2016-02-01T17:18:48.344828,0,User_120
Case_20,W_Complete application & A_Concept,2016-02-01T17:18:48.544828,0,
Case_20,A_Accepted,2016-02-01T17:30:43.753739,0,User_50
Case_20,O_Create Offer & O_Created,2016-02-01T17:30:53.889126,0,
Case_20,O_Sent (mail and online),2016-02-01T17:30:53.989126,0,User_72
Case_20,W_Call after offers & A_Complete,2016-02-01T17:32:59.493411,0,
Case_20,A_Cancelled & O_Cancelled,2016-02-01T17:33:06.529185,0,
Case_20,END,2016-02-01T17:34:06.529185,0,
Case_21,A_Create Application,2016-02-01T17:35:23.851038,0,User_11
Case_21,A_Submitted,2016-02-01T17:35:24.031425,0,User_1
Case_21,W_Handle leads,2016-02-01T17:35:24.131425,0,User_62
Case_21,W_Complete application & A_Concept,2016-02-01T20:18:16.570244,0,
Case_21,A_Accepted,2016-02-01T20:24:22.498800,0,User_135
Case_21,O_Create Offer & O_Created,2016-02-01T20:24:25.706412,0,
Case_21,O_Sent (mail and online),2016-02-01T20:24:25.806412,0,User_46
Case_21,W_Call after offers & A_Complete,2016-02-01T20:26:48.065613,0,
Case_21,W_Validate application & A_Validating,2016-02-01T20:26:50.525988,1,
Case_21,O_Returned,2016-02-01T20:30:45.135341,1,User_128
Case_21,O_Create Offer & O_Created,2016-02-01T20:33:37.853524,2,
Case_21,O_Sent (mail and online),2016-02-01T20:33:37.953524,2,User_19
Case_21,A_Incomplete,2016-02-01T20:35:49.334160,1,User_122
Case_21,END,2016-02-01T20:36:49.334160,1,
Case_22,A_Create Application,2016-02-01T17:44:58.108903,0,User_76
Case_22,W_Complete application & A_Concept,2016-02-01T17:44:58.308903,0,
Case_22,A_Accepted,2016-02-01T17:47:10.713750,0,User_99
Case_22,O_Create Offer & O_Created,2016-02-01T17:47:19.239174,0,
Case_22,O_Sent (mail and online),2016-02-01T17:47:23.889208,0,User_94
Case_22,W_Call after offers & A_Complete,2016-02-01T17:49:30.368281,0,
Case_22,W_Validate application & A_Validating,2016-02-01T17:49:33.981986,2,
Case_22,O_Create Offer & O_Created,2016-02-01T17:51:42.592705,1,
Case_22,O_Sent (mail and online),2016-02-01T17:51:43.861511,1,User_54
Case_22,O_Returned,2016-02-01T17:51:45.588889,2,User_131
Case_22,END,2016-02-01T17:52:45.588889,2,
Case_23,A_Create Application,2016-02-01T18:37:20.271433,0,User_72
Case_23,W_Complete application & A_Concept,2016-02-05T10:12:57.943680,0,
Case_23,A_Accepted,2016-02-05T10:14:39.826234,0,User_45
Case_23,O_Create Offer & O_Created,2016-02-05T10:14:58.796169,0,
Case_23,O_Sent (mail and online),2016-02-05T10:14:58.896169,0,User_63
Case_23,W_Call after offers & A_Complete,2016-02-06T02:06:55.169036,0,
Case_23,O_Create Offer & O_Created,2016-02-06T02:07:14.891211,1,
Case_23,O_Sent (mail and online),2016-02-06T02:07:14.991211,1,User_106
Case_23,W_Call after offers & A_Complete,2016-02-06T02:13:03.208925,1,
Case_23,W_Validate application & A_Validating,2016-02-06T02:13:30.704027,4,
Case_23,O_Create Offer & O_Created,2016-02-06T02:14:34.845731,3,
Case_23,O_Returned,2016-02-06T02:19:27.611412,4,User_140
Case_23,A_Incomplete,2016-02-06T02:20:12.855515,4,User_16
Case_23,END,2016-02-06T02:21:12.855515,4,
Case_24,A_Create Application,2016-02-01T19:06:18.409312,0,User_27
Case_24,W_Complete application & A_Concept,2016-02-01T19:07:05.762607,0,
Case_24,A_Accepted,2016-02-01T19:17:14.485006,0,User_61
Case_24,O_Create Offer & O_Created,2016-02-01T19:18:28.137932,0,
Case_24,O_Sent (mail and online),2016-02-01T19:18:28.237932,0,User_91
Case_24,W_Call after offers & A_Complete,2016-02-01T19:20:31.418566,0,
Case_24,O_Create Offer & O_Created,2016-02-01T19:21:13.897469,1,
Case_24,O_Sent (mail and online),2016-02-01T19:21:13.997469,1,User_54
Case_24,W_Validate application & A_Validating,2016-02-01T19:21:51.717895,2,
Case_24,O_Returned,2016-02-01T19:25:18.210228,2,User_126
Case_24,A_Incomplete,2016-02-01T19:25:30.896490,2,User_35
Case_24,A_Validating,2016-02-01T19:25:51.872175,2,User_121
Case_24,W_Call after offers & A_Complete,2016-02-01T19:26:38.188345,1,
Case_24,A_Cancelled & O_Cancelled,2016-02-01T19:26:38.388345,1,
Case_24,A_Incomplete,2016-02-01T19:27:08.834792,2,User_28
Case_24,END,2016-02-01T19:27:38.388345,1,
Case_25,A_Create Application,2016-02-01T19:12:18.435516,0,User_17
Case_25,A_Submitted,2016-02-01T19:12:18.938368,0,User_1
Case_25,W_Handle leads,2016-02-01T19:12:48.553045,0,User_67
Case_25,W_Complete application & A_Concept,2016-02-08T12:56:01.029981,0,
Case_25,A_Accepted,2016-02-08T12:59:30.836199,0,User_81
Case_25,O_Create Offer & O_Created,2016-02-08T13:00:46.947341,0,
Case_25,O_Sent (mail and online),2016-02-08T13:00:47.047341,0,User_71
Case_25,W_Call after offers & A_Complete,2016-02-10T09:42:57.974992,0,
Case_25,W_Validate application & A_Validating,2016-02-10T09:44:12.001785,0,
Case_25,O_Returned,2016-02-10T09:45:27.580275,0,User_106
Case_25,A_Incomplete,2016-02-10T09:46:09.689932,0,User_139
Case_25,A_Validating,2016-02-10T09:51:17.294536,0,User_95
Case_25,A_Incomplete,2016-02-10T09:51:37.081405,0,User_128
Case_25,A_Validating,2016-02-10T09:51:42.262093,0,User_57
Case_25,END,2016-02-10T09:52:42.262093,0,
Case_26,A_Create Application,2016-02-01T19:18:30.588100,0,User_12
Case_26,A_Submitted,2016-02-01T19:18:30.756486,0,User_1
Case_26,W_Handle leads,2016-02-01T19:18:30.902269,0,User_79
Case_26,W_Complete application & A_Concept,2016-02-01T19:18:32.648517,0,
Case_26,A_Accepted,2016-02-01T19:20:26.789931,0,User_21
Case_26,O_Create Offer & O_Created,2016-02-01T19:21:14.211174,0,
Case_26,O_Sent (mail and online),2016-02-01T19:21:14.311174,0,User_49
Case_26,W_Call after offers & A_Complete,2016-04-01T19:21:59.151260,0,
Case_26,W_Validate application & A_Validating,2016-04-01T20:11:05.451482,0,
Case_26,O_Returned,2016-04-01T20:13:34.770259,0,User_115
Case_26,A_Incomplete,2016-04-01T20:13:47.838818,0,User_24
Case_26,END,2016-04-01T20:14:47.838818,0,
Case_27,A_Create Application,2016-02-01T19:31:09.554601,0,User_48
Case_27,A_Submitted,2016-02-01T19:31:09.885363,0,User_1
Case_27,W_Complete application & A_Concept,2016-02-05T11:25:53.453340,0,
Case_27,A_Accepted,2016-02-05T11:28:27.328574,0,User_89
Case_27,O_Create Offer & O_Created,2016-02-05T11:28:55.671403,0,
Case_27,O_Sent (mail and online),2016-02-05T11:28:55.771403,0,User_13
Case_27,W_Call after offers & A_Complete,2016-02-05T11:30:46.637639,0,
Case_27,A_Cancelled & O_Cancelled,2016-02-05T11:30:46.837639,0,
Case_27,END,2016-02-05T11:31:46.837639,0,
Case_28,A_Create Application,2016-02-01T19:36:23.436457,0,User_41
Case_28,W_Complete application & A_Concept,2016-02-02T06:19:31.675198,0,
Case_28,A_Accepted,2016-02-02T06:24:11.562983,0,User_58
Case_28,O_Create Offer & O_Created,2016-02-02T06:24:28.944374,0,
Case_28,O_Sent (mail and online),2016-02-02T06:24:29.044374,0,User_77
Case_28,W_Call after offers & A_Complete,2016-02-02T06:28:12.756724,0,
Case_28,W_Validate application & A_Validating,2016-02-02T06:33:13.548690,0,
Case_28,O_Returned,2016-02-02T06:42:28.825364,0,User_114
Case_28,A_Incomplete,2016-02-02T06:45:30.869073,0,User_114
Case_28,A_Validating,2016-02-02T06:46:12.178212,0,User_79
Case_28,A_Incomplete,2016-02-02T06:46:47.996009,0,User_47
Case_28,A_Validating,2016-02-02T06:46:50.694811,0,User_62
Case_28,END,2016-02-02T06:47:50.694811,0,
Case_29,A_Create Application,2016-02-01T19:41:48.457780,0,User_13
Case_29,W_Complete application & A_Concept,2016-02-01T22:57:10.893899,0,
Case_29,A_Accepted,2016-02-01T22:59:32.348091,0,User_132
Case_29,O_Create Offer & O_Created,2016-02-01T23:02:52.499180,0,
Case_29,O_Sent (mail and online),2016-02-01T23:02:52.599180,0,User_100
Case_29,W_Call after offers & A_Complete,2016-02-01T23:04:10.825196,0,
Case_29,W_Validate application & A_Validating,2016-02-03T07:19:07.836363,0,
Case_29,O_Returned,2016-02-03T07:29:46.769384,0,User_112
Case_29,A_Incomplete,2016-02-03T07:31:27.163512,0,User_21
Case_29,A_Validating,2016-02-03T07:34:11.242877,0,User_84
Case_29,A_Incomplete,2016-02-03T07:36:53.682386,0,User_106
Case_29,A_Validating,2016-02-03T07:37:03.155878,0,User_132
Case_29,END,2016-02-03T07:38:03.155878,0,
Case_3,A_Create Application,2016-02-01T10:25:47.415970,0,User_55
Case_3,W_Complete application & A_Concept,2016-02-01T10:26:00.885618,0,
Case_3,A_Accepted,2016-02-01T10:28:01.010771,0,User_109
Case_3,O_Create Offer & O_Created,2016-02-01T10:30:43.393874,0,
Case_3,O_Sent (mail and online),2016-02-01T10:30:43.493874,0,User_46
Case_3,W_Call after offers & A_Complete,2016-02-01T10:31:04.188030,0,
Case_3,O_Create Offer & O_Created,2016-02-01T10:31:33.155346,0,
Case_3,O_Sent (mail and online),2016-02-01T10:31:33.255346,0,User_12
Case_3,W_Call after offers & A_Complete,2016-02-01T10:37:48.397014,0,
Case_3,W_Validate application & A_Validating,2016-02-01T10:39:42.698120,0,
Case_3,O_Returned,2016-02-01T10:42:24.752319,0,User_128
Case_3,END,2016-02-01T10:43:24.752319,0,
Case_30,A_Create Application,2016-02-01T19:48:42.028810,0,User_62
Case_30,W_Complete application & A_Concept,2016-02-01T22:17:24.207825,0,
Case_30,A_Accepted,2016-02-01T22:21:20.638578,0,User_106
Case_30,O_Create Offer & O_Created,2016-02-01T22:21:49.529169,0,
Case_30,O_Sent (mail and online),2016-02-01T22:21:49.629169,0,User_60
Case_30,W_Call after offers & A_Complete,2016-02-01T22:24:48.243251,0,
Case_30,A_Cancelled & O_Cancelled,2016-02-01T22:24:48.539035,0,
Case_30,END,2016-02-01T22:25:48.539035,0,
Case_31,A_Create Application,2016-02-01T19:57:13.965134,0,User_90
Case_31,A_Submitted,2016-02-01T19:57:14.322627,0,User_1
Case_31,W_Complete application & A_Concept,2016-02-01T20:00:57.418842,0,
Case_31,A_Accepted,2016-02-01T20:01:19.108297,0,User_59
Case_31,O_Create Offer & O_Created,2016-02-01T20:01:41.222487,0,
Case_31,O_Sent (mail and online),2016-02-01T20:01:41.736348,0,User_25
Case_31,W_Call after offers & A_Complete,2016-02-01T20:03:33.936014,0,
Case_31,O_Create Offer & O_Created,2016-02-01T20:04:03.214478,0,
Case_31,O_Sent (mail and online),2016-02-01T20:04:03.314478,0,User_72
Case_31,W_Call after offers & A_Complete,2016-02-07T03:12:31.874653,0,
Case_31,A_Cancelled & O_Cancelled,2016-02-07T03:12:32.074653,0,
Case_31,END,2016-02-07T03:13:32.074653,0,
Case_32,A_Create Application,2016-02-01T20:20:37.739652,0,User_62
Case_32,W_Complete application & A_Concept,2016-02-17T04:33:45.322379,0,
Case_32,A_Accepted,2016-02-17T04:37:43.679595,0,User_18
Case_32,O_Create Offer & O_Created,2016-02-17T04:39:22.793967,0,
Case_32,O_Sent (mail and online),2016-02-17T04:39:23.027438,0,User_52
Case_32,W_Call after offers & A_Complete,2016-02-18T14:35:28.869683,0,
Case_32,O_Create Offer & O_Created,2016-02-18T14:35:40.310298,0,
Case_32,O_Sent (mail and online),2016-02-18T14:35:40.410298,0,User_141
Case_32,W_Call after offers & A_Complete,2016-02-18T14:36:33.668393,0,
Case_32,W_Validate application & A_Validating,2016-02-18T14:36:55.158071,2,
Case_32,O_Returned,2016-02-18T14:37:01.977464,2,User_87
Case_32,O_Create Offer & O_Created,2016-02-18T14:37:06.707581,1,
Case_32,O_Sent (mail and online),2016-02-18T14:37:06.807581,1,User_93
Case_32,A_Incomplete,2016-02-18T14:38:04.222149,2,User_24
Case_32,W_Call after offers & A_Complete,2016-02-18T14:38:31.882610,1,
Case_32,A_Cancelled & O_Cancelled,2016-02-18T14:38:32.082610,1,
Case_32,END,2016-02-18T14:39:32.082610,1,
Case_33,A_Create Application,2016-02-01T20:30:45.385088,0,User_56
Case_33,W_Complete application & A_Concept,2016-02-01T20:31:05.797134,0,
Case_33,A_Accepted,2016-02-01T20:33:27.703475,0,User_59
Case_33,O_Create Offer & O_Created,2016-02-01T20:33:50.999014,0,
Case_33,O_Sent (mail and online),2016-02-01T20:33:51.099014,0,User_33
Case_33,W_Call after offers & A_Complete,2016-02-01T20:36:56.700850,0,
Case_33,O_Create Offer & O_Created,2016-02-01T20:37:24.140099,0,
Case_33,O_Sent (mail and online),2016-02-01T20:37:24.240099,0,User_53
Case_33,W_Call after offers & A_Complete,2016-02-01T20:44:17.733332,0,
Case_33,W_Validate application & A_Validating,2016-02-01T21:37:35.091815,0,
Case_33,O_Returned,2016-02-01T21:40:50.469044,0,User_129
Case_33,END,2016-02-01T21:41:50.469044,0,
Case_34,A_Create Application,2016-02-01T20:57:34.455697,0,User_30
Case_34,W_Complete application & A_Concept,2016-02-02T10:39:05.162048,0,
Case_34,A_Accepted,2016-02-02T10:43:20.412493,0,User_4
Case_34,O_Create Offer & O_Created,2016-02-02T10:46:22.634234,0,
Case_34,O_Sent (mail and online),2016-02-02T10:46:22.734234,0,User_106
Case_34,W_Call after offers & A_Complete,2016-02-02T10:50:16.413024,0,
Case_34,O_Create Offer & O_Created,2016-02-02T10:51:14.038459,1,
Case_34,O_Sent (mail and online),2016-02-02T10:51:14.902835,1,User_94
Case_34,W_Validate application & A_Validating,2016-02-02T10:55:10.645840,2,
Case_34,W_Call after offers & A_Complete,2016-02-02T10:56:45.300949,1,
Case_34,A_Cancelled & O_Cancelled,2016-02-02T10:56:45.500949,1,
Case_34,END,2016-02-02T10:57:45.500949,1,
Case_35,A_Create Application,2016-02-01T21:48:15.723258,0,User_20
Case_35,W_Complete application & A_Concept,2016-02-01T21:57:53.914006,0,
Case_35,A_Accepted,2016-02-01T22:02:28.919845,0,User_70
Case_35,O_Create Offer & O_Created,2016-02-01T22:02:41.765835,0,
Case_35,O_Sent (mail and online),2016-02-01T22:02:41.865835,0,User_135
Case_35,W_Call after offers & A_Complete,2016-02-01T22:04:24.248796,0,
Case_35,A_Cancelled & O_Cancelled,2016-02-01T22:04:26.840062,0,
Case_35,END,2016-02-01T22:05:26.840062,0,
Case_36,A_Create Application,2016-02-01T22:07:06.894164,0,User_15
Case_36,A_Submitted,2016-02-01T22:07:07.108158,0,User_1
Case_36,W_Complete application & A_Concept,2016-02-03T03:38:22.077736,0,
Case_36,A_Accepted,2016-02-03T03:52:51.843321,0,User_85
Case_36,O_Create Offer & O_Created,2016-02-03T03:53:43.118019,0,
Case_36,O_Sent (mail and online),2016-02-03T03:53:43.218019,0,User_60
Case_36,W_Call after offers & A_Complete,2016-02-03T05:11:16.328369,0,
Case_36,A_Cancelled & O_Cancelled,2016-02-03T05:11:16.794421,0,
Case_36,END,2016-02-03T05:12:16.794421,0,
Case_37,A_Create Application,2016-02-01T22:52:19.864635,0,User_5
Case_37,W_Complete application & A_Concept,2016-02-02T20:25:48.600741,0,
Case_37,A_Accepted,2016-02-02T20:27:50.061847,0,User_25
Case_37,O_Create Offer & O_Created,2016-02-02T20:29:16.230272,0,
Case_37,O_Sent (mail and online),2016-02-02T20:29:16.330272,0,User_102
Case_37,W_Call after offers & A_Complete,2016-02-02T21:09:47.777719,0,
Case_37,W_Validate application & A_Validating,2016-02-02T21:10:44.383439,2,
Case_37,O_Create Offer & O_Created,2016-02-02T21:13:14.277835,1,
Case_37,O_Sent (mail and online),2016-02-02T21:13:14.377835,1,User_24
Case_37,W_Call after offers & A_Complete,2016-02-02T21:18:49.057306,1,
Case_37,O_Returned,2016-02-02T21:19:29.405388,2,User_131
Case_37,W_Validate application & A_Validating,2016-02-02T21:21:02.266211,1,
Case_37,A_Incomplete,2016-02-02T21:23:34.006262,2,User_52
Case_37,A_Validating,2016-02-02T21:23:35.531396,2,User_3
Case_37,A_Incomplete,2016-02-02T21:24:18.612671,2,User_92
Case_37,END,2016-02-02T21:25:18.612671,2,
Case_38,A_Create Application,2016-02-01T22:59:08.438757,0,User_102
Case_38,A_Submitted,2016-02-01T22:59:08.593057,0,User_1
Case_38,W_Handle leads,2016-02-01T22:59:32.476804,0,User_77
Case_38,W_Complete application & A_Concept,2016-04-01T22:59:33.448486,0,
Case_38,A_Accepted,2016-04-01T23:00:07.887765,0,User_48
Case_38,O_Create Offer & O_Created,2016-04-01T23:00:18.655394,0,
Case_38,O_Sent (mail and online),2016-04-01T23:01:04.491183,0,User_103
Case_38,W_Call after offers & A_Complete,2016-04-01T23:42:28.279441,0,
Case_38,A_Cancelled & O_Cancelled,2016-04-01T23:42:28.576155,0,
Case_38,END,2016-04-01T23:43:28.576155,0,
Case_39,A_Create Application,2016-02-01T23:00:50.886280,0,User_39
Case_39,W_Complete application & A_Concept,2016-02-01T23:04:52.193643,0,
Case_39,A_Accepted,2016-02-01T23:11:15.311671,0,User_17
Case_39,O_Create Offer & O_Created,2016-02-01T23:13:39.056780,0,
Case_39,O_Sent (mail and online),2016-02-01T23:13:41.372168,0,User_53
Case_39,W_Call after offers & A_Complete,2016-02-01T23:48:20.683554,0,
Case_39,O_Create Offer & O_Created,2016-02-01T23:48:27.416256,2,
Case_39,O_Sent (mail and online),2016-02-01T23:48:27.516256,2,User_30
Case_39,W_Validate application & A_Validating,2016-02-01T23:48:35.063687,1,
Case_39,O_Returned,2016-02-01T23:48:58.943584,1,User_115
Case_39,W_Call after offers & A_Complete,2016-02-01T23:57:14.777775,2,
Case_39,O_Create Offer & O_Created,2016-02-01T23:58:27.322051,3,
Case_39,O_Sent (mail and online),2016-02-01T23:58:27.422051,3,User_135
Case_39,W_Validate application & A_Validating,2016-02-01T23:59:16.557728,4,
Case_39,W_Call after offers & A_Complete,2016-02-02T00:03:40.759210,3,
Case_39,O_Returned,2016-02-02T00:04:18.538065,4,User_93
Case_39,O_Create Offer & O_Created,2016-02-02T00:04:20.869811,5,
Case_39,O_Sent (mail and online),2016-02-02T00:04:20.969811,5,User_82
Case_39,W_Validate application & A_Validating,2016-02-02T00:04:29.148702,6,
Case_39,O_Returned,2016-02-02T00:04:35.702684,6,User_116
Case_39,A_Incomplete,2016-02-02T00:05:05.900535,6,User_83
Case_39,A_Incomplete,2016-02-02T00:05:16.798379,1,User_80
Case_39,A_Validating,2016-02-02T00:05:44.485060,6,User_99
Case_39,END,2016-02-02T00:06:16.798379,1,
Case_4,A_Create Application,2016-02-01T10:53:00.856967,0,User_2
Case_4,A_Submitted,2016-02-01T10:53:01.084421,0,User_1
Case_4,W_Complete application & A_Concept,2016-02-01T14:14:44.051832,0,
Case_4,A_Accepted,2016-02-01T14:15:08.731626,0,User_6
Case_4,O_Create Offer & O_Created,2016-02-01T14:15:14.074985,0,
Case_4,O_Sent (mail and online),2016-02-01T14:15:15.556795,0,User_89
Case_4,W_Call after offers & A_Complete,2016-02-01T14:31:07.109292,0,
Case_4,A_Cancelled & O_Cancelled,2016-02-01T14:31:07.309292,0,
Case_4,END,2016-02-01T14:32:07.309292,0,
Case_40,A_Create Application,2016-02-01T23:54:04.286901,0,User_52
Case_40,A_Submitted,2016-02-01T23:54:04.556183,0,User_1
Case_40,W_Handle leads,2016-02-01T23:54:05.214306,0,User_91
Case_40,W_Complete application & A_Concept,2016-02-01T23:55:26.567393,0,
Case_40,A_Accepted,2016-02-01T23:56:34.683916,0,User_103
Case_40,O_Create Offer & O_Created,2016-02-01T23:56:59.997748,0,
Case_40,O_Sent (mail and online),2016-02-01T23:57:00.097748,0,User_61
Case_40,W_Call after offers & A_Complete,2016-02-02T13:43:12.000010,0,
Case_40,O_Create Offer & O_Created,2016-02-02T13:43:15.724364,2,
Case_40,W_Validate application & A_Validating,2016-02-02T13:43:19.187205,1,
Case_40,O_Sent (mail and online),2016-02-02T13:43:35.409432,2,User_31
Case_40,W_Call after offers & A_Complete,2016-02-02T13:47:35.573943,2,
Case_40,O_Create Offer & O_Created,2016-02-02T13:52:38.002161,2,
Case_40,O_Sent (mail and online),2016-02-02T13:52:38.492495,2,User_26
Case_40,O_Returned,2016-02-02T14:32:08.944626,1,User_137
Case_40,A_Incomplete,2016-02-02T14:32:13.850814,1,User_95
Case_40,END,2016-02-02T14:33:13.850814,1,
Case_41,A_Create Application,2016-02-02T00:00:08.099777,0,User_37
Case_41,A_Submitted,2016-02-02T00:00:08.463490,0,User_1
Case_41,W_Complete application & A_Concept,2016-02-06T08:58:27.501542,0,
Case_41,A_Accepted,2016-02-06T08:59:27.392050,0,User_45
Case_41,O_Create Offer & O_Created,2016-02-06T08:59:47.830600,0,
Case_41,O_Sent (mail and online),2016-02-06T08:59:47.930600,0,User_78
Case_41,W_Call after offers & A_Complete,2016-02-06T09:03:41.211573,0,
Case_41,O_Create Offer & O_Created,2016-02-06T09:04:10.051491,0,
Case_41,O_Sent (mail and online),2016-02-06T09:04:10.151491,0,User_104
Case_41,W_Call after offers & A_Complete,2016-02-06T09:05:26.050117,0,
Case_41,W_Validate application & A_Validating,2016-02-06T09:09:18.399771,0,
Case_41,O_Returned,2016-02-06T09:11:29.069748,0,User_140
Case_41,END,2016-02-06T09:12:29.069748,0,
Case_42,A_Create Application,2016-02-02T00:23:21.948321,0,User_68
Case_42,W_Complete application & A_Concept,2016-02-02T00:43:01.083036,0,
Case_42,A_Accepted,2016-02-02T00:44:24.809136,0,User_102
Case_42,O_Create Offer & O_Created,2016-02-02T00:44:58.217978,0,
Case_42,O_Sent (mail and online),2016-02-02T00:44:58.317978,0,User_28
Case_42,W_Call after offers & A_Complete,2016-02-02T00:47:13.457570,0,
Case_42,W_Validate application & A_Validating,2016-02-02T00:48:59.673148,0,
Case_42,O_Returned,2016-02-02T00:49:16.154726,0,User_122
Case_42,A_Incomplete,2016-02-02T00:49:52.498775,0,User_139
Case_42,END,2016-02-02T00:50:52.498775,0,
Case_43,A_Create Application,2016-02-02T00:28:53.250605,0,User_95
Case_43,A_Submitted,2016-02-02T00:28:53.530907,0,User_1
Case_43,W_Complete application & A_Concept,2016-02-02T12:58:00.523730,0,
Case_43,A_Accepted,2016-02-02T13:00:35.287009,0,User_6
Case_43,O_Create Offer & O_Created,2016-02-02T13:02:39.400415,0,
Case_43,O_Sent (mail and online),2016-02-02T13:02:55.645131,0,User_28
Case_43,W_Call after offers & A_Complete,2016-02-02T13:03:10.104721,0,
Case_43,O_Create Offer & O_Created,2016-02-02T13:03:51.219203,2,
Case_43,O_Sent (mail and online),2016-02-02T13:04:05.445380,2,User_74
Case_43,W_Validate application & A_Validating,2016-02-02T13:05:45.289077,1,
Case_43,O_Returned,2016-02-02T13:06:33.123692,1,User_115
Case_43,A_Incomplete,2016-02-02T13:06:34.222742,1,User_41
Case_43,A_Validating,2016-02-02T13:07:17.689127,1,User_33
Case_43,END,2016-02-02T13:08:17.689127,1,
Case_44,A_Create Application,2016-02-02T00:29:50.841468,0,User_62
Case_44,W_Complete application & A_Concept,2016-02-02T06:46:46.432950,0,
Case_44,A_Accepted,2016-02-02T06:49:10.107182,0,User_55
Case_44,O_Create Offer & O_Created,2016-02-02T06:49:57.969267,0,
Case_44,O_Sent (mail and online),2016-02-02T06:49:59.342824,0,User_6
Case_44,W_Call after offers & A_Complete,2016-02-06T04:23:04.371786,0,
Case_44,W_Validate application & A_Validating,2016-02-06T04:23:04.950467,1,
Case_44,O_Create Offer & O_Created,2016-02-06T04:25:11.060745,2,
Case_44,O_Sent (mail and online),2016-02-06T04:25:11.160745,2,User_94
Case_44,O_Returned,2016-02-06T04:26:43.256945,1,User_29
Case_44,END,2016-02-06T04:27:43.256945,1,
Case_45,A_Create Application,2016-02-02T00:52:15.971750,0,User_90
Case_45,W_Complete application & A_Concept,2016-02-08T08:23:40.334574,0,
Case_45,A_Accepted,2016-02-08T08:26:05.564344,0,User_9
Case_45,O_Create Offer & O_Created,2016-02-08T08:27:18.126879,0,
Case_45,O_Sent (mail and online),2016-02-08T08:27:18.226879,0,User_106
Case_45,W_Call after offers & A_Complete,2016-02-08T08:31:19.381282,0,
Case_45,A_Cancelled & O_Cancelled,2016-02-08T08:31:42.820092,0,
Case_45,END,2016-02-08T08:32:42.820092,0,
Case_46,A_Create Application,2016-02-02T01:11:10.232023,0,User_77
Case_46,W_Complete application & A_Concept,2016-02-02T14:46:29.886060,0,
Case_46,A_Accepted,2016-02-02T14:49:08.929007,0,User_81
Case_46,O_Create Offer & O_Created,2016-02-02T14:51:51.562485,0,
Case_46,O_Sent (mail and online),2016-02-02T14:51:52.502636,0,User_27
Case_46,W_Call after offers & A_Complete,2016-02-02T14:56:19.095559,0,
Case_46,O_Create Offer & O_Created,2016-02-02T14:57:45.392404,2,
Case_46,O_Sent (mail and online),2016-02-02T14:57:45.492404,2,User_22
Case_46,W_Validate application & A_Validating,2016-02-02T14:57:59.229219,1,
Case_46,O_Returned,2016-02-02T14:59:29.141483,1,User_113
Case_46,A_Incomplete,2016-02-02T15:00:31.960701,1,User_70
Case_46,A_Validating,2016-02-02T15:01:34.067734,1,User_53
Case_46,A_Incomplete,2016-02-02T15:05:25.487292,1,User_14
Case_46,A_Validating,2016-02-02T15:05:41.263470,1,User_26
Case_46,END,2016-02-02T15:06:41.263470,1,
Case_47,A_Create Application,2016-02-02T01:18:27.083686,0,User_69
Case_47,W_Complete application & A_Concept,2016-02-02T02:28:59.392484,0,
Case_47,A_Accepted,2016-02-02T02:35:48.719918,0,User_55
Case_47,O_Create Offer & O_Created,2016-02-02T02:36:09.000143,0,
Case_47,O_Sent (mail and online),2016-02-02T02:36:55.801667,0,User_24
Case_47,W_Call after offers & A_Complete,2016-04-02T02:44:32.231560,0,
Case_47,O_Create Offer & O_Created,2016-04-02T02:45:10.403152,1,
Case_47,O_Sent (mail and online),2016-04-02T02:45:15.970459,1,User_105
Case_47,W_Validate application & A_Validating,2016-04-02T02:46:03.863599,2,
Case_47,O_Returned,2016-04-02T02:46:54.140849,2,User_140
Case_47,END,2016-04-02T02:47:54.140849,2,
Case_48,A_Create Application,2016-02-02T02:06:21.344218,0,User_38
Case_48,A_Submitted,2016-02-02T02:06:21.644791,0,User_1
Case_48,W_Handle leads,2016-02-02T02:06:49.272918,0,User_66
Case_48,W_Complete application & A_Concept,2016-02-02T21:05:03.918070,0,
Case_48,A_Accepted,2016-02-02T21:09:24.517862,0,User_63
Case_48,O_Create Offer & O_Created,2016-02-02T21:10:11.863670,0,
Case_48,O_Sent (mail and online),2016-02-02T21:10:11.963670,0,User_99
Case_48,W_Call after offers & A_Complete,2016-02-02T21:12:12.207553,0,
Case_48,W_Validate application & A_Validating,2016-02-02T21:12:21.574795,1,
Case_48,O_Returned,2016-02-02T21:13:45.582666,1,User_107
Case_48,END,2016-02-02T21:14:45.582666,1,
Case_49,A_Create Application,2016-02-02T02:43:20.223405,0,User_111
Case_49,W_Complete application & A_Concept,2016-02-08T09:21:27.778304,0,
Case_49,A_Accepted,2016-02-08T09:23:10.912604,0,User_99
Case_49,O_Create Offer & O_Created,2016-02-08T09:25:31.876576,0,
Case_49,O_Sent (mail and online),2016-02-08T09:25:31.976576,0,User_83
Case_49,W_Call after offers & A_Complete,2016-02-10T05:44:38.981759,0,
Case_49,O_Create Offer & O_Created,2016-02-10T05:45:19.065349,0,
Case_49,O_Sent (mail and online),2016-02-10T05:45:21.493105,0,User_63
Case_49,W_Call after offers & A_Complete,2016-02-12T09:26:19.529798,0,
Case_49,O_Create Offer & O_Created,2016-02-12T09:26:35.106907,2,
Case_49,O_Sent (mail and online),2016-02-12T09:26:35.540348,2,User_52
Case_49,W_Validate application & A_Validating,2016-02-12T09:26:36.947625,1,
Case_49,W_Call after offers & A_Complete,2016-02-12T09:28:03.815477,2,
Case_49,W_Validate application & A_Validating,2016-02-12T09:28:07.546499,3,
Case_49,O_Returned,2016-02-12T09:28:21.627639,3,User_113
Case_49,A_Incomplete,2016-02-12T09:28:35.317138,3,User_24
Case_49,A_Validating,2016-02-12T09:28:42.955289,3,User_125
Case_49,END,2016-02-12T09:29:42.955289,3,
Case_5,A_Create Application,2016-02-01T10:54:44.307438,0,User_101
Case_5,A_Submitted,2016-02-01T10:54:44.714077,0,User_1
Case_5,W_Complete application & A_Concept,2016-02-01T12:25:12.287385,0,
Case_5,A_Accepted,2016-02-01T12:26:09.944718,0,User_84
Case_5,O_Create Offer & O_Created,2016-02-01T12:26:13.744914,0,
Case_5,O_Sent (mail and online),2016-02-01T12:27:00.186822,0,User_82
Case_5,W_Call after offers & A_Complete,2016-02-01T12:31:46.643208,0,
Case_5,O_Create Offer & O_Created,2016-02-01T12:31:50.945796,1,
Case_5,O_Sent (mail and online),2016-02-01T12:31:51.045796,1,User_21
Case_5,W_Validate application & A_Validating,2016-02-01T12:32:15.622106,2,
Case_5,W_Call after offers & A_Complete,2016-02-01T12:32:57.157502,1,
Case_5,O_Create Offer & O_Created,2016-02-01T12:33:07.164985,3,
Case_5,O_Returned,2016-02-01T12:47:13.831770,2,User_119
Case_5,A_Incomplete,2016-02-01T12:48:03.725746,2,User_102
Case_5,END,2016-02-01T12:49:03.725746,2,
Case_50,A_Create Application,2016-02-02T02:45:42.191179,0,User_20
Case_50,A_Submitted,2016-02-02T02:45:42.688812,0,User_1
Case_50,W_Complete application & A_Concept,2016-02-02T07:40:23.190575,0,
Case_50,A_Accepted,2016-02-02T07:42:04.312174,0,User_101
Case_50,O_Create Offer & O_Created,2016-02-02T07:43:33.952110,0,
Case_50,O_Sent (mail and online),2016-02-02T07:44:05.552188,0,User_141
Case_50,W_Call after offers & A_Complete,2016-02-02T07:45:34.796081,0,
Case_50,W_Validate application & A_Validating,2016-02-02T07:45:50.611568,0,
Case_50,O_Returned,2016-02-02T07:47:09.684879,0,User_122
Case_50,A_Incomplete,2016-02-02T07:47:48.688596,0,User_26
Case_50,A_Validating,2016-02-02T07:47:53.132089,0,User_44
Case_50,END,2016-02-02T07:48:53.132089,0,
Case_51,A_Create Application,2016-02-02T02:48:23.557785,0,User_104
Case_51,W_Complete application & A_Concept,2016-02-02T02:57:35.213132,0,
Case_51,A_Accepted,2016-02-02T03:04:05.735973,0,User_53
Case_51,O_Create Offer & O_Created,2016-02-02T03:05:31.917286,0,
Case_51,O_Sent (mail and online),2016-02-02T03:05:32.017286,0,User_34
Case_51,W_Call after offers & A_Complete,2016-04-02T03:13:43.188167,0,
Case_51,W_Validate application & A_Validating,2016-04-02T03:15:13.541160,0,
Case_51,O_Returned,2016-04-02T03:17:17.297072,0,User_128
Case_51,A_Incomplete,2016-04-02T03:17:46.214070,0,User_99
Case_51,A_Validating,2016-04-02T03:17:48.717447,0,User_92
Case_51,A_Incomplete,2016-04-02T03:22:10.160838,0,User_39
Case_51,A_Validating,2016-04-02T03:22:23.042578,0,User_23
Case_51,END,2016-04-02T03:23:23.042578,0,
Case_52,A_Create Application,2016-02-02T03:42:20.898837,0,User_49
Case_52,W_Complete application & A_Concept,2016-02-02T13:15:59.032069,0,
Case_52,A_Accepted,2016-02-02T13:18:52.966207,0,User_111
Case_52,O_Create Offer & O_Created,2016-02-02T13:20:24.940806,0,
Case_52,O_Sent (mail and online),2016-02-02T13:20:26.319202,0,User_32
Case_52,W_Call after offers & A_Complete,2016-02-02T13:20:46.901731,0,
Case_52,W_Validate application & A_Validating,2016-02-02T13:24:25.225638,0,
Case_52,O_Returned,2016-02-02T13:29:33.834903,0,User_118
Case_52,END,2016-02-02T13:30:33.834903,0,
Case_53,A_Create Application,2016-02-02T04:12:58.923118,0,User_110
Case_53,W_Complete application & A_Concept,2016-02-03T15:54:21.271717,0,
Case_53,A_Accepted,2016-02-03T15:59:02.922441,0,User_86
Case_53,O_Create Offer & O_Created,2016-02-03T15:59:22.397200,0,
Case_53,O_Sent (mail and online),2016-02-03T15:59:22.497200,0,User_86
Case_53,W_Call after offers & A_Complete,2016-02-03T16:02:06.945233,0,
Case_53,O_Create Offer & O_Created,2016-02-03T16:02:25.381995,0,
Case_53,O_Sent (mail and online),2016-02-03T16:02:25.481995,0,User_18
Case_53,W_Call after offers & A_Complete,2016-02-03T16:06:38.270907,0,
Case_53,A_Cancelled & O_Cancelled,2016-02-03T16:06:39.500445,0,
Case_53,END,2016-02-03T16:07:39.500445,0,
Case_54,A_Create Application,2016-02-02T05:30:25.653202,0,User_102
Case_54,A_Submitted,2016-02-02T05:30:25.903597,0,User_1
Case_54,W_Handle leads,2016-02-02T05:30:26.003597,0,User_1
Case_54,W_Complete application & A_Concept,2016-02-06T00:31:05.800437,0,
Case_54,A_Accepted,2016-02-06T00:33:37.222648,0,User_102
Case_54,O_Create Offer & O_Created,2016-02-06T00:35:05.683005,0,
Case_54,O_Sent (mail and online),2016-02-06T00:35:07.241281,0,User_103
Case_54,W_Call after offers & A_Complete,2016-02-06T00:35:37.397259,0,
Case_54,O_Create Offer & O_Created,2016-02-06T00:36:30.120424,0,
Case_54,O_Sent (mail and online),2016-02-06T00:36:30.220424,0,User_104
Case_54,W_Call after offers & A_Complete,2016-02-06T00:38:39.246975,0,
Case_54,O_Create Offer & O_Created,2016-02-06T00:38:59.012237,0,
Case_54,O_Sent (mail and online),2016-02-06T00:38:59.112237,0,User_29
Case_54,W_Call after offers & A_Complete,2016-02-06T00:44:26.880020,0,
Case_54,O_Create Offer & O_Created,2016-02-06T00:45:13.117710,2,
Case_54,O_Sent (mail and online),2016-02-06T00:45:13.941046,2,User_15
Case_54,W_Validate application & A_Validating,2016-02-06T00:45:14.591761,1,
Case_54,O_Returned,2016-02-06T00:45:57.506817,1,User_129
Case_54,END,2016-02-06T00:46:57.506817,1,
Case_55,A_Create Application,2016-02-02T05:41:41.668688,0,User_53
Case_55,W_Complete application & A_Concept,2016-02-02T06:50:35.508110,0,
Case_55,A_Accepted,2016-02-02T07:03:19.322279,0,User_36
Case_55,O_Create Offer & O_Created,2016-02-02T07:04:33.817014,0,
Case_55,O_Sent (mail and online),2016-02-02T07:04:33.972908,0,User_94
Case_55,W_Call after offers & A_Complete,2016-02-02T07:09:17.375488,0,
Case_55,W_Validate application & A_Validating,2016-02-02T07:09:19.744207,1,
Case_55,O_Create Offer & O_Created,2016-02-02T07:09:53.851255,2,
Case_55,O_Sent (mail and online),2016-02-02T07:09:53.951255,2,User_37
Case_55,O_Returned,2016-02-02T07:16:38.477108,1,User_27
Case_55,END,2016-02-02T07:17:38.477108,1,
Case_56,A_Create Application,2016-02-02T05:55:08.464471,0,User_37
Case_56,W_Complete application & A_Concept,2016-02-03T12:04:29.895500,0,
Case_56,A_Accepted,2016-02-03T12:08:14.643918,0,User_103
Case_56,O_Create Offer & O_Created,2016-02-03T12:08:36.454459,0,
Case_56,O_Sent (mail and online),2016-02-03T12:08:39.996139,0,User_49
Case_56,W_Call after offers & A_Complete,2016-02-03T12:09:54.871119,0,
Case_56,W_Validate application & A_Validating,2016-02-03T12:10:02.337899,2,
Case_56,O_Create Offer & O_Created,2016-02-03T12:10:19.164136,1,
Case_56,O_Sent (mail and online),2016-02-03T12:10:19.264136,1,User_33
Case_56,O_Returned,2016-02-03T12:14:15.297649,2,User_120
Case_56,END,2016-02-03T12:15:15.297649,2,
Case_57,A_Create Application,2016-02-02T06:01:51.231096,0,User_32
Case_57,W_Complete application & A_Concept,2016-02-02T08:03:27.416664,0,
Case_57,A_Accepted,2016-02-02T08:05:14.517891,0,User_103
Case_57,O_Create Offer & O_Created,2016-02-02T08:05:19.379259,0,
Case_57,O_Sent (mail and online),2016-02-02T08:05:19.479259,0,User_11
Case_57,W_Call after offers & A_Complete,2016-02-02T08:07:52.340442,0,
Case_57,O_Create Offer & O_Created,2016-02-02T08:08:07.691156,2,
Case_57,O_Sent (mail and online),2016-02-02T08:08:19.411459,2,User_27
Case_57,W_Validate application & A_Validating,2016-02-02T08:11:29.300857,1,
Case_57,O_Returned,2016-02-02T08:12:02.706320,1,User_29
Case_57,END,2016-02-02T08:13:02.706320,1,
Case_58,A_Create Application,2016-02-02T06:04:48.290107,0,User_82
Case_58,A_Submitted,2016-02-02T06:04:48.528552,0,User_1
Case_58,W_Handle leads,2016-02-02T06:04:48.628552,0,User_63
Case_58,W_Complete application & A_Concept,2016-02-05T20:35:59.733090,0,
Case_58,A_Accepted,2016-02-05T20:37:51.969801,0,User_67
Case_58,O_Create Offer & O_Created,2016-02-05T20:38:46.065286,0,
Case_58,O_Sent (mail and online),2016-02-05T20:38:46.708876,0,User_27
Case_58,W_Call after offers & A_Complete,2016-02-05T20:42:14.849903,0,
Case_58,W_Validate application & A_Validating,2016-02-05T20:42:31.468019,0,
Case_58,O_Returned,2016-02-05T20:47:07.172106,0,User_2
Case_58,A_Incomplete,2016-02-05T20:48:45.020415,0,User_112
Case_58,END,2016-02-05T20:49:45.020415,0,
Case_59,A_Create Application,2016-02-02T06:46:34.206813,0,User_15
Case_59,A_Submitted,2016-02-02T06:46:34.452397,0,User_1
Case_59,W_Complete application & A_Concept,2016-02-03T20:10:43.485829,0,
Case_59,A_Accepted,2016-02-03T20:12:13.383993,0,User_141
Case_59,O_Create Offer & O_Created,2016-02-03T20:14:26.640570,0,
Case_59,O_Sent (mail and online),2016-02-03T20:14:26.740570,0,User_118
Case_59,W_Call after offers & A_Complete,2016-04-03T20:15:17.026299,0,
Case_59,W_Validate application & A_Validating,2016-04-03T20:34:04.598189,0,
Case_59,O_Returned,2016-04-03T20:35:30.213083,0,User_102
Case_59,A_Incomplete,2016-04-03T20:35:35.058436,0,User_61
Case_59,END,2016-04-03T20:36:35.058436,0,
Case_6,A_Create Application,2016-02-01T12:05:23.076184,0,User_111
Case_6,A_Submitted,2016-02-01T12:05:23.360635,0,User_1
Case_6,W_Handle leads,2016-02-01T12:05:23.460635,0,User_61
Case_6,W_Complete application & A_Concept,2016-02-01T20:36:28.247614,0,
Case_6,A_Accepted,2016-02-01T20:38:02.848060,0,User_107
Case_6,O_Create Offer & O_Created,2016-02-01T20:38:47.288882,0,
Case_6,O_Sent (mail and online),2016-02-01T20:38:51.396836,0,User_75
Case_6,W_Call after offers & A_Complete,2016-02-01T20:39:29.746242,0,
Case_6,O_Create Offer & O_Created,2016-02-01T20:40:15.451184,2,
Case_6,O_Sent (mail and online),2016-02-01T20:40:16.484991,2,User_96
Case_6,W_Validate application & A_Validating,2016-02-01T20:42:46.829944,1,
Case_6,O_Returned,2016-02-01T20:43:42.897118,1,User_114
Case_6,A_Incomplete,2016-02-01T20:44:16.952092,1,User_37
Case_6,END,2016-02-01T20:45:16.952092,1,
Case_60,A_Create Application,2016-02-02T07:40:57.391885,0,User_97
Case_60,W_Complete application & A_Concept,2016-02-02T10:03:04.286334,0,
Case_60,A_Accepted,2016-02-02T10:10:12.277066,0,User_103
Case_60,O_Create Offer & O_Created,2016-02-02T10:10:27.647998,0,
Case_60,O_Sent (mail and online),2016-02-02T10:10:27.747998,0,User_82
Case_60,W_Call after offers & A_Complete,2016-02-02T10:10:52.036123,0,
Case_60,A_Cancelled & O_Cancelled,2016-02-02T10:11:12.476657,0,
Case_60,END,2016-02-02T10:12:12.476657,0,
Case_61,A_Create Application,2016-02-02T07:45:55.479743,0,User_25
Case_61,A_Submitted,2016-02-02T07:45:56.148757,0,User_1
Case_61,W_Complete application & A_Concept,2016-02-02T09:21:13.813073,0,
Case_61,A_Accepted,2016-02-02T09:24:53.497104,0,User_24
Case_61,O_Create Offer & O_Created,2016-02-02T09:25:14.804474,0,
Case_61,O_Sent (mail and online),2016-02-02T09:25:14.904474,0,User_56
Case_61,W_Call after offers & A_Complete,2016-02-02T09:36:02.938277,0,
Case_61,A_Cancelled & O_Cancelled,2016-02-02T09:36:08.229323,0,
Case_61,END,2016-02-02T09:37:08.229323,0,
Case_62,A_Create Application,2016-02-02T08:03:45.203362,0,User_86
Case_62,W_Complete application & A_Concept,2016-02-02T08:08:45.227178,0,
Case_62,A_Accepted,2016-02-02T08:11:48.963498,0,User_60
Case_62,O_Create Offer & O_Created,2016-02-02T08:11:54.189955,0,
Case_62,O_Sent (mail and online),2016-02-02T08:11:54.687426,0,User_110
Case_62,W_Call after offers & A_Complete,2016-02-02T08:15:03.479396,0,
Case_62,O_Create Offer & O_Created,2016-02-02T08:16:03.548413,0,
Case_62,O_Sent (mail and online),2016-02-02T08:16:04.171349,0,User_23
Case_62,W_Call after offers & A_Complete,2016-02-02T08:27:08.579135,0,
Case_62,O_Create Offer & O_Created,2016-02-02T08:29:54.970849,0,
Case_62,O_Sent (mail and online),2016-02-02T08:29:55.070849,0,User_105
Case_62,W_Call after offers & A_Complete,2016-02-02T08:32:38.866868,0,
Case_62,W_Validate application & A_Validating,2016-02-02T08:33:27.193803,2,
Case_62,O_Create Offer & O_Created,2016-02-02T08:33:39.606735,1,
Case_62,O_Sent (mail and online),2016-02-02T08:33:39.706735,1,User_34
Case_62,W_Call after offers & A_Complete,2016-02-02T08:37:32.212526,1,
Case_62,O_Returned,2016-02-02T08:37:32.252908,2,User_131
Case_62,END,2016-02-02T08:38:32.252908,2,
Case_63,A_Create Application,2016-02-02T08:08:23.196907,0,User_45
Case_63,A_Submitted,2016-02-02T08:08:23.674333,0,User_1
Case_63,W_Complete application & A_Concept,2016-02-02T08:15:08.412781,0,
Case_63,A_Accepted,2016-02-02T08:18:35.591233,0,User_85
Case_63,O_Create Offer & O_Created,2016-02-02T08:18:53.909296,0,
Case_63,O_Sent (mail and online),2016-02-02T08:18:54.515666,0,User_100
Case_63,W_Call after offers & A_Complete,2016-02-02T08:20:29.292457,0,
Case_63,W_Validate application & A_Validating,2016-02-02T08:20:53.771701,0,
Case_63,O_Returned,2016-02-02T08:32:37.223546,0,User_101
Case_63,END,2016-02-02T08:33:37.223546,0,
Case_64,A_Create Application,2016-02-02T08:12:05.798460,0,User_58
Case_64,A_Submitted,2016-02-02T08:12:06.122278,0,User_1
Case_64,W_Complete application & A_Concept,2016-02-02T19:45:45.459951,0,
Case_64,A_Accepted,2016-02-02T19:49:46.371126,0,User_26
Case_64,O_Create Offer & O_Created,2016-02-02T19:49:58.620620,0,
Case_64,O_Sent (mail and online),2016-02-02T19:49:59.987316,0,User_38
Case_64,W_Call after offers & A_Complete,2016-02-02T23:02:37.281541,0,
Case_64,W_Validate application & A_Validating,2016-02-02T23:02:50.358325,0,
Case_64,O_Returned,2016-02-02T23:03:16.309401,0,User_106
Case_64,END,2016-02-02T23:04:16.309401,0,
Case_65,A_Create Application,2016-02-02T08:56:14.482049,0,User_65
Case_65,W_Complete application & A_Concept,2016-02-02T09:06:02.018475,0,
Case_65,A_Accepted,2016-02-02T09:11:12.998533,0,User_92
Case_65,O_Create Offer & O_Created,2016-02-02T09:11:16.954625,0,
Case_65,O_Sent (mail and online),2016-02-02T10:42:19.121878,0,User_45
Case_65,W_Call after offers & A_Complete,2016-02-02T10:42:46.595531,0,
Case_65,O_Create Offer & O_Created,2016-02-02T10:44:09.279550,0,
Case_65,O_Sent (mail and online),2016-02-02T10:44:09.880468,0,User_135
Case_65,W_Call after offers & A_Complete,2016-02-02T10:47:28.563877,0,
Case_65,W_Validate application & A_Validating,2016-02-02T10:47:30.064303,1,
Case_65,O_Create Offer & O_Created,2016-02-02T10:47:36.526778,2,
Case_65,O_Returned,2016-02-02T10:52:22.742671,1,User_123
Case_65,O_Sent (mail and online),2016-02-02T10:52:45.651017,2,User_66
Case_65,END,2016-02-02T10:53:22.742671,1,
Case_66,A_Create Application,2016-02-02T09:30:56.575462,0,User_46
Case_66,W_Complete application & A_Concept,2016-02-03T11:30:12.227234,0,
Case_66,A_Accepted,2016-02-03T11:30:47.767432,0,User_4
Case_66,O_Create Offer & O_Created,2016-02-03T11:39:18.465503,0,
Case_66,O_Sent (mail and online),2016-02-03T11:39:18.565503,0,User_27
Case_66,W_Call after offers & A_Complete,2016-02-03T13:24:00.351719,0,
Case_66,O_Create Offer & O_Created,2016-02-03T13:24:03.310999,1,
Case_66,O_Sent (mail and online),2016-02-03T13:24:03.410999,1,User_10
Case_66,W_Validate application & A_Validating,2016-02-03T13:24:14.499182,2,
Case_66,O_Returned,2016-02-03T13:25:49.102265,2,User_134
Case_66,W_Call after offers & A_Complete,2016-02-03T13:25:56.194630,1,
Case_66,A_Incomplete,2016-02-03T13:25:59.050186,2,User_20
Case_66,W_Validate application & A_Validating,2016-02-03T13:26:47.003292,4,
Case_66,END,2016-02-03T13:26:59.050186,2,
Case_67,A_Create Application,2016-02-02T10:01:56.826555,0,User_33
Case_67,A_Submitted,2016-02-02T10:01:57.085313,0,User_1
Case_67,W_Handle leads,2016-02-02T10:02:19.319227,0,User_35
Case_67,W_Complete application & A_Concept,2016-02-03T07:38:27.577112,0,
Case_67,A_Accepted,2016-02-03T07:44:08.592775,0,User_43
Case_67,O_Create Offer & O_Created,2016-02-03T07:44:21.146762,0,
Case_67,O_Sent (mail and online),2016-02-03T07:44:21.868214,0,User_79
Case_67,W_Call after offers & A_Complete,2016-02-10T18:45:34.907587,0,
Case_67,O_Create Offer & O_Created,2016-02-10T18:45:53.393964,1,
Case_67,O_Sent (mail and online),2016-02-10T18:46:24.180179,1,User_96
Case_67,W_Validate application & A_Validating,2016-02-10T18:47:09.716289,2,
Case_67,O_Returned,2016-02-10T18:55:44.447658,2,User_112
Case_67,A_Incomplete,2016-02-10T18:55:59.791581,2,User_25
Case_67,END,2016-02-10T18:56:59.791581,2,
Case_68,A_Create Application,2016-02-02T10:04:49.329759,0,User_95
Case_68,W_Complete application & A_Concept,2016-02-02T13:29:33.335623,0,
Case_68,A_Accepted,2016-02-02T13:32:04.345316,0,User_21
Case_68,O_Create Offer & O_Created,2016-02-02T13:32:18.156131,0,
Case_68,O_Sent (mail and online),2016-02-02T13:32:18.420307,0,User_2
Case_68,W_Call after offers & A_Complete,2016-02-02T13:38:38.049946,0,
Case_68,O_Create Offer & O_Created,2016-02-02T13:38:42.792903,1,
Case_68,O_Sent (mail and online),2016-02-02T13:38:42.892903,1,User_81
Case_68,W_Validate application & A_Validating,2016-02-02T13:38:47.647389,2,
Case_68,O_Returned,2016-02-02T14:01:19.830879,2,User_120
Case_68,A_Incomplete,2016-02-02T14:01:32.162425,2,User_137
Case_68,END,2016-02-02T14:02:32.162425,2,
Case_69,A_Create Application,2016-02-02T10:16:26.492386,0,User_30
Case_69,A_Submitted,2016-02-02T10:16:26.953795,0,User_1
Case_69,W_Handle leads,2016-02-02T10:16:27.053795,0,User_57
Case_69,W_Complete application & A_Concept,2016-02-02T15:52:10.398360,0,
Case_69,A_Accepted,2016-02-02T15:54:19.131742,0,User_2
Case_69,O_Create Offer & O_Created,2016-02-02T15:54:23.783471,0,
Case_69,O_Sent (mail and online),2016-02-02T15:54:59.128665,0,User_135
Case_69,W_Call after offers & A_Complete,2016-02-02T15:55:27.546280,0,
Case_69,A_Cancelled & O_Cancelled,2016-02-02T15:55:27.746280,0,
Case_69,END,2016-02-02T15:56:27.746280,0,
Case_7,A_Create Application,2016-02-01T12:11:10.452814,0,User_10
Case_7,W_Complete application & A_Concept,2016-02-01T18:19:35.815142,0,
Case_7,A_Accepted,2016-02-01T18:23:26.133075,0,User_65
Case_7,O_Create Offer & O_Created,2016-02-01T18:23:38.841148,0,
Case_7,O_Sent (mail and online),2016-02-01T18:23:48.582687,0,User_89
Case_7,W_Call after offers & A_Complete,2016-02-01T18:30:46.459976,0,
Case_7,O_Create Offer & O_Created,2016-02-01T18:30:58.015304,2,
Case_7,O_Sent (mail and online),2016-02-01T18:31:00.231320,2,User_32
Case_7,W_Validate application & A_Validating,2016-02-01T18:32:16.117115,1,
Case_7,O_Returned,2016-02-01T18:37:17.049011,1,User_122
Case_7,A_Incomplete,2016-02-01T18:37:36.491138,1,User_49
Case_7,END,2016-02-01T18:38:36.491138,1,
Case_70,A_Create Application,2016-02-02T10:18:24.634284,0,User_25
Case_70,A_Submitted,2016-02-02T10:18:24.823136,0,User_1
Case_70,W_Handle leads,2016-02-02T10:18:25.034666,0,User_2
Case_70,W_Complete application & A_Concept,2016-03-01T15:45:56.404586,0,
Case_70,A_Accepted,2016-03-01T15:52:43.112025,0,User_84
Case_70,O_Create Offer & O_Created,2016-03-01T15:54:30.809542,0,
Case_70,O_Sent (mail and online),2016-03-01T15:56:37.177861,0,User_91
Case_70,W_Call after offers & A_Complete,2016-03-01T16:53:19.979205,0,
Case_70,O_Create Offer & O_Created,2016-03-01T16:53:58.215663,0,
Case_70,O_Sent (mail and online),2016-03-01T16:54:52.065817,0,User_74
Case_70,W_Call after offers & A_Complete,2016-03-01T17:00:30.577293,0,
Case_70,W_Validate application & A_Validating,2016-03-01T17:00:37.257013,1,
Case_70,O_Create Offer & O_Created,2016-03-01T17:01:11.321591,2,
Case_70,O_Sent (mail and online),2016-03-01T17:01:11.421591,2,User_32
Case_70,O_Returned,2016-03-01T17:02:53.168017,1,User_134
Case_70,W_Call after offers & A_Complete,2016-03-01T17:03:33.086177,2,
Case_70,O_Create Offer & O_Created,2016-03-01T17:03:57.142187,4,
Case_70,O_Sent (mail and online),2016-03-01T17:03:57.242187,4,User_78
Case_70,A_Incomplete,2016-03-01T17:04:00.386389,1,User_64
Case_70,END,2016-03-01T17:05:00.386389,1,
Case_71,A_Create Application,2016-02-02T10:40:53.294505,0,User_42
Case_71,W_Complete application & A_Concept,2016-02-02T15:28:48.812485,0,
Case_71,A_Accepted,2016-02-02T15:29:21.741596,0,User_40
Case_71,O_Create Offer & O_Created,2016-02-02T15:29:37.191944,0,
Case_71,O_Sent (mail and online),2016-02-02T15:29:37.538276,0,User_8
Case_71,W_Call after offers & A_Complete,2016-02-02T15:32:25.665021,0,
Case_71,A_Cancelled & O_Cancelled,2016-02-02T15:32:25.928133,0,
Case_71,END,2016-02-02T15:33:25.928133,0,
Case_72,A_Create Application,2016-02-02T10:54:09.122027,0,User_53
Case_72,A_Submitted,2016-02-02T10:54:09.551353,0,User_1
Case_72,W_Complete application & A_Concept,2016-02-02T12:29:54.829326,0,
Case_72,A_Accepted,2016-02-02T12:33:08.866202,0,User_49
Case_72,O_Create Offer & O_Created,2016-02-02T12:33:31.334142,0,
Case_72,O_Sent (mail and online),2016-02-02T12:33:31.434142,0,User_25
Case_72,W_Call after offers & A_Complete,2016-02-03T03:39:09.575858,0,
Case_72,O_Create Offer & O_Created,2016-02-03T03:39:18.457717,0,
Case_72,O_Sent (mail and online),2016-02-03T03:39:18.557717,0,User_71
Case_72,W_Call after offers & A_Complete,2016-02-03T03:42:16.565996,0,
Case_72,W_Validate application & A_Validating,2016-02-03T03:43:41.819747,0,
Case_72,O_Returned,2016-02-03T03:45:14.243233,0,User_137
Case_72,A_Incomplete,2016-02-03T03:45:43.407318,0,User_132
Case_72,A_Validating,2016-02-03T03:45:59.819603,0,User_93
Case_72,A_Incomplete,2016-02-03T03:53:07.914065,0,User_136
Case_72,A_Validating,2016-02-03T03:54:11.771389,0,User_92
Case_72,A_Incomplete,2016-02-03T03:54:32.380776,0,User_118
Case_72,A_Validating,2016-02-03T03:54:33.931525,0,User_45
Case_72,A_Incomplete,2016-02-03T03:54:49.122908,0,User_140
Case_72,A_Validating,2016-02-03T03:56:02.210261,0,User_134
Case_72,END,2016-02-03T03:57:02.210261,0,
Case_73,A_Create Application,2016-02-02T11:19:37.780169,0,User_9
Case_73,A_Submitted,2016-02-02T11:19:38.269932,0,User_1
Case_73,W_Complete application & A_Concept,2016-02-02T11:25:02.321221,0,
Case_73,A_Accepted,2016-02-02T11:28:43.162573,0,User_68
Case_73,O_Create Offer & O_Created,2016-02-02T11:29:01.940231,0,
Case_73,O_Sent (mail and online),2016-02-02T11:29:21.181361,0,User_141
Case_73,W_Call after offers & A_Complete,2016-02-06T05:51:48.787320,0,
Case_73,W_Validate application & A_Validating,2016-02-06T05:52:05.379298,2,
Case_73,O_Create Offer & O_Created,2016-02-06T05:52:26.823788,1,
Case_73,O_Sent (mail and online),2016-02-06T05:52:26.923788,1,User_58
Case_73,W_Call after offers & A_Complete,2016-02-06T05:53:05.605602,1,
Case_73,A_Cancelled & O_Cancelled,2016-02-06T05:53:10.750159,1,
Case_73,END,2016-02-06T05:54:10.750159,1,
Case_74,A_Create Application,2016-02-02T11:32:38.063523,0,User_93
Case_74,A_Submitted,2016-02-02T11:32:38.193621,0,User_1
Case_74,W_Handle leads,2016-02-02T11:32:38.293621,0,User_91
Case_74,W_Complete application & A_Concept,2016-02-03T02:28:53.063980,0,
Case_74,A_Accepted,2016-02-03T02:36:43.416530,0,User_43
Case_74,O_Create Offer & O_Created,2016-02-03T02:36:49.633944,0,
Case_74,O_Sent (mail and online),2016-02-03T02:36:51.074451,0,User_27
Case_74,W_Call after offers & A_Complete,2016-02-03T02:39:17.815372,0,
Case_74,W_Validate application & A_Validating,2016-02-03T02:39:23.510176,1,
Case_74,O_Create Offer & O_Created,2016-02-03T02:41:02.563207,2,
Case_74,O_Sent (mail and online),2016-02-03T02:41:42.273339,2,User_47
Case_74,O_Returned,2016-02-03T02:42:21.329792,1,User_109
Case_74,W_Call after offers & A_Complete,2016-02-03T02:43:04.814104,2,
Case_74,A_Cancelled & O_Cancelled,2016-02-03T02:43:05.014104,2,
Case_74,A_Incomplete,2016-02-03T02:43:09.855185,1,User_11
Case_74,A_Validating,2016-02-03T02:43:19.100847,1,User_121
Case_74,END,2016-02-03T02:44:05.014104,2,
Case_75,A_Create Application,2016-02-02T11:44:33.390385,0,User_15
Case_75,W_Complete application & A_Concept,2016-02-04T18:40:48.672449,0,
Case_75,A_Accepted,2016-02-04T18:41:48.465712,0,User_5
Case_75,O_Create Offer & O_Created,2016-02-04T18:42:26.294389,0,
Case_75,O_Sent (mail and online),2016-02-04T18:42:26.394389,0,User_60
Case_75,W_Call after offers & A_Complete,2016-04-04T18:45:02.861728,0,
Case_75,W_Validate application & A_Validating,2016-04-04T18:45:46.071259,2,
Case_75,O_Returned,2016-04-04T18:48:18.263972,2,User_131
Case_75,END,2016-04-04T18:49:18.263972,2,
Case_76,A_Create Application,2016-02-02T12:00:50.096916,0,User_52
Case_76,W_Complete application & A_Concept,2016-02-02T12:02:05.901079,0,
Case_76,A_Accepted,2016-02-02T12:06:36.805891,0,User_105
Case_76,O_Create Offer & O_Created,2016-02-02T12:06:52.128651,0,
Case_76,O_Sent (mail and online),2016-02-02T12:06:52.228651,0,User_28
Case_76,W_Call after offers & A_Complete,2016-02-02T12:09:04.965203,0,
Case_76,O_Create Offer & O_Created,2016-02-02T12:12:17.601476,0,
Case_76,O_Sent (mail and online),2016-02-02T12:12:17.701476,0,User_94
Case_76,W_Call after offers & A_Complete,2016-02-02T12:14:34.584743,0,
Case_76,A_Cancelled & O_Cancelled,2016-02-02T12:14:36.284753,0,
Case_76,END,2016-02-02T12:15:36.284753,0,
Case_77,A_Create Application,2016-02-02T12:20:43.948448,0,User_84
Case_77,W_Complete application & A_Concept,2016-02-02T12:28:23.701066,0,
Case_77,A_Accepted,2016-02-02T12:32:58.577016,0,User_42
Case_77,O_Create Offer & O_Created,2016-02-02T12:36:40.772598,0,
Case_77,O_Sent (mail and online),2016-02-02T12:36:41.161046,0,User_78
Case_77,W_Call after offers & A_Complete,2016-02-02T12:38:18.536095,0,
Case_77,O_Create Offer & O_Created,2016-02-02T12:38:38.182139,2,
Case_77,O_Sent (mail and online),2016-02-02T12:38:38.594045,2,User_72
Case_77,W_Validate application & A_Validating,2016-02-02T12:38:41.046551,1,
Case_77,O_Returned,2016-02-02T12:39:16.745237,1,User_53
Case_77,A_Incomplete,2016-02-02T12:39:54.305258,1,User_95
Case_77,END,2016-02-02T12:40:54.305258,1,
Case_78,A_Create Application,2016-02-02T12:27:28.678754,0,User_25
Case_78,A_Submitted,2016-02-02T12:27:28.778754,0,User_1
Case_78,W_Handle leads,2016-02-02T12:27:28.989731,0,User_34
Case_78,W_Complete application & A_Concept,2016-02-02T13:22:58.123489,0,
Case_78,A_Accepted,2016-02-02T13:33:20.322812,0,User_24
Case_78,O_Create Offer & O_Created,2016-02-02T13:33:38.389951,0,
Case_78,O_Sent (mail and online),2016-02-02T13:35:03.415928,0,User_53
Case_78,W_Call after offers & A_Complete,2016-02-02T13:36:00.832130,0,
Case_78,W_Validate application & A_Validating,2016-02-02T13:36:11.675531,2,
Case_78,O_Returned,2016-02-02T13:37:15.092591,2,User_137
Case_78,END,2016-02-02T13:38:15.092591,2,
Case_79,A_Create Application,2016-02-02T12:28:45.130696,0,User_101
Case_79,A_Submitted,2016-02-02T12:28:45.346738,0,User_1
Case_79,W_Handle leads,2016-02-02T12:28:45.446738,0,User_47
Case_79,W_Complete application & A_Concept,2016-02-04T00:00:01.634508,0,
Case_79,A_Accepted,2016-02-04T00:05:58.315530,0,User_81
Case_79,O_Create Offer & O_Created,2016-02-04T00:08:22.574084,0,
Case_79,O_Sent (mail and online),2016-02-04T00:08:22.674084,0,User_99
Case_79,W_Call after offers & A_Complete,2016-02-04T00:09:09.547403,0,
Case_79,O_Create Offer & O_Created,2016-02-04T00:09:17.208289,1,
Case_79,O_Sent (mail and online),2016-02-04T00:09:17.308289,1,User_52
Case_79,W_Validate application & A_Validating,2016-02-04T00:09:23.095121,2,
Case_79,O_Returned,2016-02-04T00:12:28.890072,2,User_139
Case_79,END,2016-02-04T00:13:28.890072,2,
Case_8,A_Create Application,2016-02-01T12:39:09.849662,0,User_96
Case_8,W_Complete application & A_Concept,2016-02-01T14:32:52.671608,0,
Case_8,A_Accepted,2016-02-01T14:34:58.577042,0,User_68
Case_8,O_Create Offer & O_Created,2016-02-01T14:36:43.443175,0,
Case_8,O_Sent (mail and online),2016-02-01T14:36:43.543175,0,User_60
Case_8,W_Call after offers & A_Complete,2016-02-01T14:37:33.043950,0,
Case_8,O_Create Offer & O_Created,2016-02-01T14:37:57.106402,0,
Case_8,O_Sent (mail and online),2016-02-01T14:37:57.274634,0,User_87
Case_8,W_Call after offers & A_Complete,2016-02-01T14:54:02.169421,0,
Case_8,O_Create Offer & O_Created,2016-02-01T14:54:48.290505,2,
Case_8,W_Validate application & A_Validating,2016-02-01T14:55:57.014398,1,
Case_8,O_Returned,2016-02-01T15:00:09.597582,1,User_95
Case_8,O_Sent (mail and online),2016-02-01T15:00:37.061710,2,User_108
Case_8,W_Call after offers & A_Complete,2016-02-01T15:00:48.105709,2,
Case_8,END,2016-02-01T15:01:09.597582,1,
Case_80,A_Create Application,2016-02-02T12:33:49.372523,0,User_100
Case_80,A_Submitted,2016-02-02T12:33:49.495746,0,User_1
Case_80,W_Complete application & A_Concept,2016-02-02T12:34:57.105486,0,
Case_80,A_Accepted,2016-02-02T12:37:13.398846,0,User_80
Case_80,O_Create Offer & O_Created,2016-02-02T12:37:24.009786,0,
Case_80,O_Sent (mail and online),2016-02-02T12:37:25.928087,0,User_71
Case_80,W_Call after offers & A_Complete,2016-02-02T12:37:48.627155,0,
Case_80,O_Create Offer & O_Created,2016-02-02T12:38:08.506093,0,
Case_80,O_Sent (mail and online),2016-02-02T12:38:08.606093,0,User_58
Case_80,W_Call after offers & A_Complete,2016-02-02T12:40:30.922524,0,
Case_80,W_Validate application & A_Validating,2016-02-02T12:40:41.552867,2,
Case_80,O_Create Offer & O_Created,2016-02-02T12:40:45.657254,1,
Case_80,O_Sent (mail and online),2016-02-02T12:40:45.757254,1,User_62
Case_80,O_Returned,2016-02-02T13:00:48.922262,2,User_2
Case_80,END,2016-02-02T13:01:48.922262,2,
Case_81,A_Create Application,2016-02-02T12:41:57.250203,0,User_100
Case_81,A_Submitted,2016-02-02T12:41:57.436962,0,User_1
Case_81,W_Handle leads,2016-02-02T12:41:57.562660,0,User_58
Case_81,W_Complete application & A_Concept,2016-02-07T03:45:01.085666,0,
Case_81,A_Accepted,2016-02-07T03:57:20.555604,0,User_81
Case_81,O_Create Offer & O_Created,2016-02-07T03:58:19.534690,0,
Case_81,O_Sent (mail and online),2016-02-07T03:58:19.634690,0,User_46
Case_81,W_Call after offers & A_Complete,2016-02-07T03:59:03.325891,0,
Case_81,O_Create Offer & O_Created,2016-02-07T03:59:31.973785,2,
Case_81,O_Sent (mail and online),2016-02-07T03:59:32.073785,2,User_103
Case_81,W_Validate application & A_Validating,2016-02-07T04:04:31.795860,1,
Case_81,O_Returned,2016-02-07T05:51:27.376601,1,User_137
Case_81,END,2016-02-07T05:52:27.376601,1,
Case_82,A_Create Application,2016-02-02T12:48:32.125746,0,User_47
Case_82,A_Submitted,2016-02-02T12:48:32.352398,0,User_1
Case_82,W_Handle leads,2016-02-02T12:48:32.452398,0,User_13
Case_82,W_Complete application & A_Concept,2016-02-03T07:59:09.947188,0,
Case_82,A_Accepted,2016-02-03T08:08:02.595660,0,User_104
Case_82,O_Create Offer & O_Created,2016-02-03T08:09:25.848379,0,
Case_82,O_Sent (mail and online),2016-02-03T08:09:25.948379,0,User_88
Case_82,W_Call after offers & A_Complete,2016-02-03T13:49:25.648989,0,
Case_82,O_Create Offer & O_Created,2016-02-03T13:50:15.158320,2,
Case_82,O_Sent (mail and online),2016-02-03T13:50:15.258320,2,User_50
Case_82,W_Validate application & A_Validating,2016-02-03T13:51:59.665759,1,
Case_82,O_Returned,2016-02-03T13:54:33.023499,1,User_117
Case_82,END,2016-02-03T13:55:33.023499,1,
Case_83,A_Create Application,2016-02-02T13:19:48.700626,0,User_5
Case_83,W_Complete application & A_Concept,2016-02-02T13:21:43.676026,0,
Case_83,A_Accepted,2016-02-02T13:23:23.785926,0,User_10
Case_83,O_Create Offer & O_Created,2016-02-02T13:23:41.220877,0,
Case_83,O_Sent (mail and online),2016-02-02T13:23:41.320877,0,User_68
Case_83,W_Call after offers & A_Complete,2016-02-02T13:26:05.706916,0,
Case_83,O_Create Offer & O_Created,2016-02-02T13:28:17.672605,0,
Case_83,O_Sent (mail and online),2016-02-02T13:28:17.772605,0,User_21
Case_83,W_Call after offers & A_Complete,2016-02-02T13:28:48.214927,0,
Case_83,O_Create Offer & O_Created,2016-02-02T13:29:06.347693,0,
Case_83,O_Sent (mail and online),2016-02-02T13:29:29.569307,0,User_74
Case_83,W_Call after offers & A_Complete,2016-02-02T13:47:35.059693,0,
Case_83,O_Create Offer & O_Created,2016-02-02T13:47:59.183425,1,
Case_83,W_Validate application & A_Validating,2016-02-02T13:48:44.864606,2,
Case_83,O_Returned,2016-02-02T13:50:55.424877,2,User_95
Case_83,END,2016-02-02T13:51:55.424877,2,
Case_84,A_Create Application,2016-02-02T14:13:02.998121,0,User_102
Case_84,A_Submitted,2016-02-02T14:13:03.182147,0,User_1
Case_84,W_Handle leads,2016-02-02T14:13:03.474608,0,User_66
Case_84,W_Complete application & A_Concept,2016-02-03T13:57:29.996251,0,
Case_84,A_Accepted,2016-02-03T14:29:35.106461,0,User_103
Case_84,O_Create Offer & O_Created,2016-02-03T14:29:56.785905,0,
Case_84,O_Sent (mail and online),2016-02-03T14:29:56.885905,0,User_10
Case_84,W_Call after offers & A_Complete,2016-02-22T19:45:16.158957,0,
Case_84,O_Create Offer & O_Created,2016-02-22T19:46:08.398914,0,
Case_84,O_Sent (mail and online),2016-02-22T19:46:08.498914,0,User_47
Case_84,W_Call after offers & A_Complete,2016-02-22T21:45:36.002566,0,
Case_84,O_Create Offer & O_Created,2016-02-22T21:46:57.365207,0,
Case_84,O_Sent (mail and online),2016-02-22T21:46:57.465207,0,User_43
Case_84,W_Call after offers & A_Complete,2016-02-22T21:55:04.813094,0,
Case_84,O_Create Offer & O_Created,2016-02-22T22:00:48.484264,0,
Case_84,O_Sent (mail and online),2016-02-22T22:00:48.584264,0,User_10
Case_84,W_Call after offers & A_Complete,2016-02-22T22:03:41.082336,0,
Case_84,W_Validate application & A_Validating,2016-02-22T22:04:30.676225,2,
Case_84,O_Returned,2016-02-22T22:05:58.562350,2,User_129
Case_84,O_Create Offer & O_Created,2016-02-22T22:06:50.183400,1,
Case_84,O_Sent (mail and online),2016-02-22T22:06:56.024490,1,User_56
Case_84,END,2016-02-22T22:06:58.562350,2,
Case_85,A_Create Application,2016-02-02T14:21:45.940805,0,User_59
Case_85,A_Submitted,2016-02-02T14:21:46.285198,0,User_1
Case_85,W_Handle leads,2016-02-02T14:21:47.124115,0,User_8
Case_85,W_Complete application & A_Concept,2016-02-03T14:39:33.953211,0,
Case_85,A_Accepted,2016-02-03T14:40:26.515996,0,User_80
Case_85,O_Create Offer & O_Created,2016-02-03T14:40:50.695240,0,
Case_85,O_Sent (mail and online),2016-02-03T14:40:54.353478,0,User_47
Case_85,W_Call after offers & A_Complete,2016-02-03T17:19:40.996278,0,
Case_85,O_Create Offer & O_Created,2016-02-03T17:19:51.641947,2,
Case_85,O_Sent (mail and online),2016-02-03T17:19:54.218417,2,User_56
Case_85,W_Validate application & A_Validating,2016-02-03T17:20:22.453844,1,
Case_85,O_Returned,2016-02-03T17:25:58.874207,1,User_125
Case_85,A_Incomplete,2016-02-03T17:26:34.810664,1,User_131
Case_85,A_Validating,2016-02-03T17:26:38.893118,1,User_73
Case_85,A_Incomplete,2016-02-03T17:28:00.980843,1,User_93
Case_85,A_Validating,2016-02-03T17:30:55.207821,1,User_122
Case_85,A_Incomplete,2016-02-03T17:30:56.248002,1,User_126
Case_85,A_Validating,2016-02-03T17:32:07.337760,1,User_130
Case_85,A_Incomplete,2016-02-03T17:32:23.592641,1,User_71
Case_85,A_Validating,2016-02-03T17:32:32.066332,1,User_112
Case_85,END,2016-02-03T17:33:32.066332,1,
Case_86,A_Create Application,2016-02-02T15:17:39.742972,0,User_108
Case_86,W_Complete application & A_Concept,2016-02-02T21:03:04.796594,0,
Case_86,A_Accepted,2016-02-02T21:10:18.903696,0,User_31
Case_86,O_Create Offer & O_Created,2016-02-02T21:11:44.629798,0,
Case_86,O_Sent (mail and online),2016-02-02T21:11:44.729798,0,User_3
Case_86,W_Call after offers & A_Complete,2016-02-02T21:21:42.677649,0,
Case_86,O_Create Offer & O_Created,2016-02-02T21:21:45.545433,0,
Case_86,O_Sent (mail and online),2016-02-02T21:21:45.739580,0,User_25
Case_86,W_Call after offers & A_Complete,2016-02-02T21:22:37.978593,0,
Case_86,W_Validate application & A_Validating,2016-02-02T21:27:15.200331,0,
Case_86,O_Returned,2016-02-02T21:33:37.325389,0,User_106
Case_86,A_Incomplete,2016-02-02T21:40:47.549559,0,User_42
Case_86,A_Validating,2016-02-02T21:42:05.093022,0,User_2
Case_86,A_Incomplete,2016-02-02T21:42:16.427121,0,User_71
Case_86,A_Validating,2016-02-02T21:42:38.897951,0,User_32
Case_86,A_Incomplete,2016-02-02T21:43:15.594807,0,User_25
Case_86,END,2016-02-02T21:44:15.594807,0,
Case_87,A_Create Application,2016-02-02T15:41:42.284508,0,User_20
Case_87,A_Submitted,2016-02-02T15:41:42.611953,0,User_1
Case_87,W_Handle leads,2016-02-02T15:53:37.257711,0,User_31
Case_87,W_Complete application & A_Concept,2016-02-02T16:53:04.184761,0,
Case_87,A_Accepted,2016-02-02T17:06:08.962656,0,User_38
Case_87,O_Create Offer & O_Created,2016-02-02T17:06:49.788692,0,
Case_87,O_Sent (mail and online),2016-02-02T17:06:49.888692,0,User_135
Case_87,W_Call after offers & A_Complete,2016-02-02T17:25:07.173727,0,
Case_87,O_Create Offer & O_Created,2016-02-02T17:28:08.747217,2,
Case_87,O_Sent (mail and online),2016-02-02T17:28:08.847217,2,User_39
Case_87,W_Call after offers & A_Complete,2016-02-02T17:31:12.628507,2,
Case_87,A_Cancelled & O_Cancelled,2016-02-02T17:31:37.523270,2,
Case_87,END,2016-02-02T17:32:37.523270,2,
Case_88,A_Create Application,2016-02-02T16:35:29.570742,0,User_86
Case_88,A_Submitted,2016-02-02T16:35:29.889233,0,User_1
Case_88,W_Complete application & A_Concept,2016-02-02T16:35:44.148120,0,
Case_88,A_Accepted,2016-02-02T16:37:33.971449,0,User_39
Case_88,O_Create Offer & O_Created,2016-02-02T16:37:42.527383,0,
Case_88,O_Sent (mail and online),2016-02-02T16:37:42.627383,0,User_2
Case_88,W_Call after offers & A_Complete,2016-02-02T16:46:17.720386,0,
Case_88,W_Validate application & A_Validating,2016-02-02T16:46:38.748426,2,
Case_88,O_Create Offer & O_Created,2016-02-02T16:46:48.116996,1,
Case_88,O_Sent (mail and online),2016-02-02T16:46:48.216996,1,User_75
Case_88,W_Call after offers & A_Complete,2016-02-02T16:48:18.998828,1,
Case_88,O_Returned,2016-02-02T16:49:29.092891,2,User_139
Case_88,END,2016-02-02T16:50:29.092891,2,
Case_89,A_Create Application,2016-02-02T17:01:15.752691,0,User_30
Case_89,W_Complete application & A_Concept,2016-02-02T17:09:21.531049,0,
Case_89,A_Accepted,2016-02-02T17:13:22.967974,0,User_72
Case_89,O_Create Offer & O_Created,2016-02-02T17:13:53.800582,0,
Case_89,O_Sent (mail and online),2016-02-02T17:16:48.415015,0,User_35
Case_89,W_Call after offers & A_Complete,2016-02-06T19:41:06.704779,0,
Case_89,W_Validate application & A_Validating,2016-02-06T19:41:07.233297,1,
Case_89,O_Create Offer & O_Created,2016-02-06T19:41:08.940399,2,
Case_89,O_Sent (mail and online),2016-02-06T19:41:09.040399,2,User_141
Case_89,O_Returned,2016-02-06T19:42:41.137920,1,User_123
Case_89,A_Incomplete,2016-02-06T19:42:50.710641,1,User_72
Case_89,W_Call after offers & A_Complete,2016-02-06T19:43:10.887062,2,
Case_89,END,2016-02-06T19:43:50.710641,1,
Case_9,A_Create Application,2016-02-01T12:46:16.518397,0,User_76
Case_9,W_Complete application & A_Concept,2016-02-01T18:26:57.274290,0,
Case_9,A_Accepted,2016-02-01T18:29:04.985772,0,User_103
Case_9,O_Create Offer & O_Created,2016-02-01T18:29:08.278743,0,
Case_9,O_Sent (mail and online),2016-02-01T18:29:08.607615,0,User_13
Case_9,W_Call after offers & A_Complete,2016-02-01T18:32:04.525595,0,
Case_9,O_Create Offer & O_Created,2016-02-01T18:32:33.280303,2,
Case_9,W_Validate application & A_Validating,2016-02-01T18:32:33.329605,1,
Case_9,O_Returned,2016-02-01T18:32:46.040165,1,User_90
Case_9,END,2016-02-01T18:33:46.040165,1,
Case_90,A_Create Application,2016-02-02T17:14:05.447023,0,User_22
Case_90,W_Complete application & A_Concept,2016-02-04T10:28:57.121774,0,
Case_90,A_Accepted,2016-02-04T10:45:56.288846,0,User_41
Case_90,O_Create Offer & O_Created,2016-02-04T10:46:21.823913,0,
Case_90,O_Sent (mail and online),2016-02-04T10:46:21.954645,0,User_11
Case_90,W_Call after offers & A_Complete,2016-02-04T10:47:40.859220,0,
Case_90,A_Cancelled & O_Cancelled,2016-02-04T10:47:41.059220,0,
Case_90,END,2016-02-04T10:48:41.059220,0,
Case_91,A_Create Application,2016-02-02T17:32:56.877751,0,User_10
Case_91,W_Complete application & A_Concept,2016-02-03T03:32:32.197452,0,
Case_91,A_Accepted,2016-02-03T03:34:28.914350,0,User_55
Case_91,O_Create Offer & O_Created,2016-02-03T03:35:35.676071,0,
Case_91,O_Sent (mail and online),2016-02-03T03:35:36.523265,0,User_37
Case_91,W_Call after offers & A_Complete,2016-02-03T04:40:18.056983,0,
Case_91,W_Validate application & A_Validating,2016-02-03T04:40:40.221638,1,
Case_91,O_Create Offer & O_Created,2016-02-03T04:41:00.228856,2,
Case_91,O_Returned,2016-02-03T04:41:27.366687,1,User_133
Case_91,A_Incomplete,2016-02-03T04:41:57.734996,1,User_124
Case_91,A_Validating,2016-02-03T04:43:05.575235,1,User_139
Case_91,END,2016-02-03T04:44:05.575235,1,
Case_92,A_Create Application,2016-02-02T17:40:31.226844,0,User_58
Case_92,A_Submitted,2016-02-02T17:40:31.535668,0,User_1
Case_92,W_Handle leads,2016-02-02T17:40:31.635668,0,User_98
Case_92,W_Complete application & A_Concept,2016-02-02T17:40:37.577254,0,
Case_92,A_Accepted,2016-02-02T17:44:49.081726,0,User_19
Case_92,O_Create Offer & O_Created,2016-02-02T17:45:26.924597,0,
Case_92,O_Sent (mail and online),2016-02-02T17:45:27.024597,0,User_73
Case_92,W_Call after offers & A_Complete,2016-02-02T17:49:34.261445,0,
Case_92,A_Cancelled & O_Cancelled,2016-02-02T17:49:34.472533,0,
Case_92,END,2016-02-02T17:50:34.472533,0,
Case_93,A_Create Application,2016-02-02T18:47:06.078186,0,User_40
Case_93,W_Complete application & A_Concept,2016-02-02T21:15:33.186794,0,
Case_93,A_Accepted,2016-02-02T21:16:15.549923,0,User_45
Case_93,O_Create Offer & O_Created,2016-02-02T21:17:01.327829,0,
Case_93,O_Sent (mail and online),2016-02-02T21:17:01.427829,0,User_105
Case_93,W_Call after offers & A_Complete,2016-02-03T00:30:33.934222,0,
Case_93,A_Cancelled & O_Cancelled,2016-02-03T00:30:34.134222,0,
Case_93,END,2016-02-03T00:31:34.134222,0,
Case_94,A_Create Application,2016-02-02T18:47:49.812854,0,User_4
Case_94,W_Complete application & A_Concept,2016-02-03T17:30:24.133631,0,
Case_94,A_Accepted,2016-02-03T17:31:08.824000,0,User_99
Case_94,O_Create Offer & O_Created,2016-02-03T17:33:29.532638,0,
Case_94,O_Sent (mail and online),2016-02-03T17:33:29.845333,0,User_5
Case_94,W_Call after offers & A_Complete,2016-02-03T17:34:45.839957,0,
Case_94,W_Validate application & A_Validating,2016-04-03T17:37:49.840283,0,
Case_94,O_Returned,2016-04-03T17:41:00.276646,0,User_124
Case_94,A_Incomplete,2016-04-03T17:41:14.082825,0,User_2
Case_94,END,2016-04-03T17:42:14.082825,0,
Case_95,A_Create Application,2016-02-02T19:10:28.534397,0,User_72
Case_95,W_Complete application & A_Concept,2016-02-02T19:19:03.834158,0,
Case_95,A_Accepted,2016-02-02T19:22:31.950562,0,User_60
Case_95,O_Create Offer & O_Created,2016-02-02T19:23:55.041014,0,
Case_95,O_Sent (mail and online),2016-02-02T19:23:55.152158,0,User_17
Case_95,W_Call after offers & A_Complete,2016-02-02T19:46:23.577074,0,
Case_95,W_Validate application & A_Validating,2016-02-02T19:46:33.477718,1,
Case_95,O_Create Offer & O_Created,2016-02-02T19:46:35.611332,2,
Case_95,O_Sent (mail and online),2016-02-02T19:46:35.711332,2,User_53
Case_95,W_Call after offers & A_Complete,2016-02-02T19:51:56.107821,2,
Case_95,A_Cancelled & O_Cancelled,2016-02-02T19:51:56.307821,2,
Case_95,END,2016-02-02T19:52:56.307821,2,
Case_96,A_Create Application,2016-02-02T19:39:33.289710,0,User_19
Case_96,A_Submitted,2016-02-02T19:39:33.574354,0,User_1
Case_96,W_Handle leads,2016-02-02T19:39:33.681516,0,User_82
Case_96,W_Complete application & A_Concept,2016-02-02T19:54:52.858453,0,
Case_96,A_Accepted,2016-02-02T19:57:29.772175,0,User_23
Case_96,O_Create Offer & O_Created,2016-02-02T19:57:48.859003,0,
Case_96,O_Sent (mail and online),2016-02-02T19:57:51.284976,0,User_17
Case_96,W_Call after offers & A_Complete,2016-02-02T20:01:42.493131,0,
Case_96,W_Validate application & A_Validating,2016-02-02T20:02:16.807944,0,
Case_96,O_Returned,2016-02-02T20:11:58.742542,0,User_130
Case_96,END,2016-02-02T20:12:58.742542,0,
Case_97,A_Create Application,2016-02-02T19:41:41.261856,0,User_11
Case_97,W_Complete application & A_Concept,2016-02-02T20:05:36.786728,0,
Case_97,A_Accepted,2016-02-02T20:18:48.066693,0,User_97
Case_97,O_Create Offer & O_Created,2016-02-02T20:19:26.081652,0,
Case_97,O_Sent (mail and online),2016-02-02T20:19:37.367538,0,User_71
Case_97,W_Call after offers & A_Complete,2016-02-02T20:21:40.461517,0,
Case_97,W_Validate application & A_Validating,2016-02-02T20:21:46.198116,2,
Case_97,O_Returned,2016-02-02T20:23:04.228119,2,User_117
Case_97,O_Create Offer & O_Created,2016-02-02T20:23:46.977797,1,
Case_97,O_Sent (mail and online),2016-02-02T20:23:48.015593,1,User_16
Case_97,W_Call after offers & A_Complete,2016-02-02T20:26:36.866236,1,
Case_97,A_Cancelled & O_Cancelled,2016-02-02T20:26:37.066236,1,
Case_97,A_Incomplete,2016-02-02T20:26:45.760177,2,User_64
Case_97,END,2016-02-02T20:27:37.066236,1,
Case_98,A_Create Application,2016-02-02T19:55:02.683104,0,User_46
Case_98,A_Submitted,2016-02-02T19:55:03.110980,0,User_1
Case_98,W_Handle leads,2016-02-02T19:55:03.388831,0,User_58
Case_98,W_Complete application & A_Concept,2016-02-02T20:07:25.483536,0,
Case_98,A_Accepted,2016-02-02T20:11:53.833057,0,User_132
Case_98,O_Create Offer & O_Created,2016-02-02T20:12:12.066755,0,
Case_98,O_Sent (mail and online),2016-02-02T20:12:12.166755,0,User_12
Case_98,W_Call after offers & A_Complete,2016-02-02T20:32:30.859823,0,
Case_98,O_Create Offer & O_Created,2016-02-02T20:34:41.207046,0,
Case_98,O_Sent (mail and online),2016-02-02T20:34:41.307046,0,User_24
Case_98,W_Call after offers & A_Complete,2016-02-02T20:35:53.979934,0,
Case_98,O_Create Offer & O_Created,2016-02-02T20:37:14.444262,0,
Case_98,O_Sent (mail and online),2016-02-02T20:37:14.549208,0,User_35
Case_98,W_Call after offers & A_Complete,2016-02-02T21:05:15.365751,0,
Case_98,W_Validate application & A_Validating,2016-02-02T21:05:52.615734,0,
Case_98,O_Returned,2016-02-02T21:08:47.868901,0,User_27
Case_98,END,2016-02-02T21:09:47.868901,0,
Case_99,A_Create Application,2016-02-02T20:08:45.479837,0,User_42
Case_99,A_Submitted,2016-02-02T20:08:45.997678,0,User_1
Case_99,W_Handle leads,2016-02-02T20:08:46.097678,0,User_28
Case_99,W_Complete application & A_Concept,2016-02-02T20:36:32.780388,0,
Case_99,A_Accepted,2016-02-02T20:37:29.048089,0,User_90
Case_99,O_Create Offer & O_Created,2016-02-02T20:38:21.725748,0,
Case_99,O_Sent (mail and online),2016-02-02T20:38:43.125627,0,User_72
Case_99,W_Call after offers & A_Complete,2016-02-02T21:18:30.170481,0,
Case_99,O_Create Offer & O_Created,2016-02-02T21:19:11.981947,0,
Case_99,O_Sent (mail and online),2016-02-02T21:19:12.081947,0,User_80
Case_99,W_Call after offers & A_Complete,2016-02-02T21:24:22.510848,0,
Case_99,O_Create Offer & O_Created,2016-02-02T21:24:25.693806,0,
Case_99,O_Sent (mail and online),2016-02-02T21:24:25.793806,0,User_96
Case_99,W_Call after offers & A_Complete,2016-02-02T21:27:54.531337,0,
Case_99,O_Create Offer & O_Created,2016-02-02T21:28:32.747208,0,
Case_99,O_Sent (mail and online),2016-02-03T09:57:41.469993,0,User_49
Case_99,W_Call after offers & A_Complete,2016-02-03T10:01:40.188236,0,
Case_99,W_Validate application & A_Validating,2016-02-03T10:01:50.412495,2,
Case_99,O_Create Offer & O_Created,2016-02-03T10:02:23.289822,1,
Case_99,O_Sent (mail and online),2016-02-03T10:02:23.389822,1,User_74
Case_99,W_Call after offers & A_Complete,2016-02-03T10:03:53.759440,1,
Case_99,O_Returned,2016-02-03T10:05:41.801560,2,User_103
Case_99,A_Incomplete,2016-02-03T10:07:18.469627,2,User_30
Case_99,END,2016-02-03T10:08:18.469627,2,
